Species,Antibiotic,Year,N,Resistant,PercentResistant
Acinetobacter baumannii,Ciprofloxacin,2018,61,51,83.6
Acinetobacter baumannii,Ciprofloxacin,2019,215,195,90.7
Acinetobacter baumannii,Ciprofloxacin,2020,253,231,91.3
Acinetobacter baumannii,Ciprofloxacin,2021,232,207,89.2
Acinetobacter baumannii,Ciprofloxacin,2022,191,176,92.1
Acinetobacter baumannii,Ciprofloxacin,2023,162,152,93.8
Acinetobacter baumannii,Ciprofloxacin,2024,164,147,89.6
Escherichia coli,Ciprofloxacin,2018,223,186,83.4
Escherichia coli,Ciprofloxacin,2019,270,192,71.1
Escherichia coli,Ciprofloxacin,2020,435,328,75.4
Escherichia coli,Ciprofloxacin,2021,496,359,72.4
Escherichia coli,Ciprofloxacin,2022,423,317,74.9
Escherichia coli,Ciprofloxacin,2023,379,301,79.4
Escherichia coli,Ciprofloxacin,2024,395,290,73.4
Klebsiella pneumoniae,Ciprofloxacin,2018,204,149,73.0
Klebsiella pneumoniae,Ciprofloxacin,2019,326,211,64.7
Klebsiella pneumoniae,Ciprofloxacin,2020,541,363,67.1
Klebsiella pneumoniae,Ciprofloxacin,2021,497,365,73.4
Klebsiella pneumoniae,Ciprofloxacin,2022,472,339,71.8
Klebsiella pneumoniae,Ciprofloxacin,2023,414,287,69.3
Klebsiella pneumoniae,Ciprofloxacin,2024,458,330,72.1
Pseudomonas aeruginosa,Ciprofloxacin,2018,140,46,32.9
Pseudomonas aeruginosa,Ciprofloxacin,2019,312,86,27.6
Pseudomonas aeruginosa,Ciprofloxacin,2020,451,126,27.9
Pseudomonas aeruginosa,Ciprofloxacin,2021,462,109,23.6
Pseudomonas aeruginosa,Ciprofloxacin,2022,401,125,31.2
Pseudomonas aeruginosa,Ciprofloxacin,2023,362,112,30.9
Pseudomonas aeruginosa,Ciprofloxacin,2024,281,77,27.4
Acinetobacter baumannii,Meropenem,2006,1,1,100.0
Acinetobacter baumannii,Meropenem,2007,89,66,74.2
Acinetobacter baumannii,Meropenem,2008,22,13,59.1
Acinetobacter baumannii,Meropenem,2009,7,5,71.4
Acinetobacter baumannii,Meropenem,2015,22,17,77.3
Acinetobacter baumannii,Meropenem,2016,31,28,90.3
Acinetobacter baumannii,Meropenem,2018,61,47,77.0
Acinetobacter baumannii,Meropenem,2019,215,195,90.7
Acinetobacter baumannii,Meropenem,2020,253,231,91.3
Acinetobacter baumannii,Meropenem,2021,232,208,89.7
Acinetobacter baumannii,Meropenem,2022,191,174,91.1
Acinetobacter baumannii,Meropenem,2023,162,152,93.8
Acinetobacter baumannii,Meropenem,2024,164,147,89.6
Escherichia coli,Meropenem,2006,18,0,0.0
Escherichia coli,Meropenem,2007,115,6,5.2
Escherichia coli,Meropenem,2008,45,3,6.7
Escherichia coli,Meropenem,2009,5,0,0.0
Escherichia coli,Meropenem,2015,39,2,5.1
Escherichia coli,Meropenem,2016,50,5,10.0
Escherichia coli,Meropenem,2018,224,31,13.8
Escherichia coli,Meropenem,2019,270,32,11.9
Escherichia coli,Meropenem,2020,435,80,18.4
Escherichia coli,Meropenem,2021,496,93,18.8
Escherichia coli,Meropenem,2022,423,96,22.7
Escherichia coli,Meropenem,2023,379,62,16.4
Escherichia coli,Meropenem,2024,395,100,25.3
Klebsiella pneumoniae,Meropenem,2004,1,0,0.0
Klebsiella pneumoniae,Meropenem,2006,16,0,0.0
Klebsiella pneumoniae,Meropenem,2007,105,8,7.6
Klebsiella pneumoniae,Meropenem,2008,54,10,18.5
Klebsiella pneumoniae,Meropenem,2009,24,6,25.0
Klebsiella pneumoniae,Meropenem,2015,33,10,30.3
Klebsiella pneumoniae,Meropenem,2016,39,17,43.6
Klebsiella pneumoniae,Meropenem,2018,204,109,53.4
Klebsiella pneumoniae,Meropenem,2019,326,169,51.8
Klebsiella pneumoniae,Meropenem,2020,541,297,54.9
Klebsiella pneumoniae,Meropenem,2021,497,286,57.5
Klebsiella pneumoniae,Meropenem,2022,472,275,58.3
Klebsiella pneumoniae,Meropenem,2023,414,250,60.4
Klebsiella pneumoniae,Meropenem,2024,458,261,57.0
Pseudomonas aeruginosa,Meropenem,2004,2,2,100.0
Pseudomonas aeruginosa,Meropenem,2006,10,7,70.0
Pseudomonas aeruginosa,Meropenem,2007,115,56,48.7
Pseudomonas aeruginosa,Meropenem,2008,41,4,9.8
Pseudomonas aeruginosa,Meropenem,2009,22,4,18.2
Pseudomonas aeruginosa,Meropenem,2015,33,13,39.4
Pseudomonas aeruginosa,Meropenem,2016,40,16,40.0
Pseudomonas aeruginosa,Meropenem,2018,140,51,36.4
Pseudomonas aeruginosa,Meropenem,2019,312,74,23.7
Pseudomonas aeruginosa,Meropenem,2020,451,115,25.5
Pseudomonas aeruginosa,Meropenem,2021,462,122,26.4
Pseudomonas aeruginosa,Meropenem,2022,401,118,29.4
Pseudomonas aeruginosa,Meropenem,2023,362,98,27.1
Pseudomonas aeruginosa,Meropenem,2024,281,83,29.5
Acinetobacter baumannii,Imipenem,2004,11,0,0.0
Acinetobacter baumannii,Imipenem,2005,6,5,83.3
Acinetobacter baumannii,Imipenem,2006,8,5,62.5
Acinetobacter baumannii,Imipenem,2018,61,46,75.4
Acinetobacter baumannii,Imipenem,2019,215,195,90.7
Acinetobacter baumannii,Imipenem,2020,253,231,91.3
Acinetobacter baumannii,Imipenem,2021,232,207,89.2
Acinetobacter baumannii,Imipenem,2022,191,174,91.1
Acinetobacter baumannii,Imipenem,2023,162,152,93.8
Acinetobacter baumannii,Imipenem,2024,164,146,89.0
Escherichia coli,Imipenem,2004,25,0,0.0
Escherichia coli,Imipenem,2006,25,0,0.0
Escherichia coli,Imipenem,2018,224,33,14.7
Escherichia coli,Imipenem,2019,270,32,11.9
Escherichia coli,Imipenem,2020,435,80,18.4
Escherichia coli,Imipenem,2021,496,90,18.1
Escherichia coli,Imipenem,2022,423,96,22.7
Escherichia coli,Imipenem,2023,379,63,16.6
Escherichia coli,Imipenem,2024,395,99,25.1
Klebsiella pneumoniae,Imipenem,2004,24,0,0.0
Klebsiella pneumoniae,Imipenem,2006,23,0,0.0
Klebsiella pneumoniae,Imipenem,2018,204,102,50.0
Klebsiella pneumoniae,Imipenem,2019,326,168,51.5
Klebsiella pneumoniae,Imipenem,2020,541,293,54.2
Klebsiella pneumoniae,Imipenem,2021,497,285,57.3
Klebsiella pneumoniae,Imipenem,2022,472,277,58.7
Klebsiella pneumoniae,Imipenem,2023,414,246,59.4
Klebsiella pneumoniae,Imipenem,2024,458,264,57.6
Pseudomonas aeruginosa,Imipenem,2004,18,2,11.1
Pseudomonas aeruginosa,Imipenem,2005,1,0,0.0
Pseudomonas aeruginosa,Imipenem,2006,13,6,46.2
Pseudomonas aeruginosa,Imipenem,2018,140,50,35.7
Pseudomonas aeruginosa,Imipenem,2019,312,87,27.9
Pseudomonas aeruginosa,Imipenem,2020,451,131,29.0
Pseudomonas aeruginosa,Imipenem,2021,462,127,27.5
Pseudomonas aeruginosa,Imipenem,2022,401,143,35.7
Pseudomonas aeruginosa,Imipenem,2023,362,103,28.5
Pseudomonas aeruginosa,Imipenem,2024,281,91,32.4
Acinetobacter baumannii,Amikacin,2004,11,4,36.4
Acinetobacter baumannii,Amikacin,2005,6,2,33.3
Acinetobacter baumannii,Amikacin,2006,9,8,88.9
Acinetobacter baumannii,Amikacin,2007,89,72,80.9
Acinetobacter baumannii,Amikacin,2008,22,14,63.6
Acinetobacter baumannii,Amikacin,2009,7,4,57.1
Acinetobacter baumannii,Amikacin,2015,22,15,68.2
Acinetobacter baumannii,Amikacin,2016,31,27,87.1
Acinetobacter baumannii,Amikacin,2018,61,45,73.8
Acinetobacter baumannii,Amikacin,2019,215,188,87.4
Acinetobacter baumannii,Amikacin,2020,253,228,90.1
Acinetobacter baumannii,Amikacin,2021,232,202,87.1
Acinetobacter baumannii,Amikacin,2022,191,173,90.6
Acinetobacter baumannii,Amikacin,2023,162,143,88.3
Acinetobacter baumannii,Amikacin,2024,164,141,86.0
Escherichia coli,Amikacin,2004,25,0,0.0
Escherichia coli,Amikacin,2006,43,13,30.2
Escherichia coli,Amikacin,2007,115,28,24.3
Escherichia coli,Amikacin,2008,45,15,33.3
Escherichia coli,Amikacin,2009,5,0,0.0
Escherichia coli,Amikacin,2015,39,2,5.1
Escherichia coli,Amikacin,2016,50,6,12.0
Escherichia coli,Amikacin,2018,224,35,15.6
Escherichia coli,Amikacin,2019,270,35,13.0
Escherichia coli,Amikacin,2020,435,71,16.3
Escherichia coli,Amikacin,2021,496,68,13.7
Escherichia coli,Amikacin,2022,423,48,11.3
Escherichia coli,Amikacin,2023,379,38,10.0
Escherichia coli,Amikacin,2024,395,53,13.4
Klebsiella pneumoniae,Amikacin,2004,25,2,8.0
Klebsiella pneumoniae,Amikacin,2006,39,19,48.7
Klebsiella pneumoniae,Amikacin,2007,105,36,34.3
Klebsiella pneumoniae,Amikacin,2008,54,15,27.8
Klebsiella pneumoniae,Amikacin,2009,24,13,54.2
Klebsiella pneumoniae,Amikacin,2015,33,10,30.3
Klebsiella pneumoniae,Amikacin,2016,39,15,38.5
Klebsiella pneumoniae,Amikacin,2018,204,106,52.0
Klebsiella pneumoniae,Amikacin,2019,326,165,50.6
Klebsiella pneumoniae,Amikacin,2020,541,287,53.0
Klebsiella pneumoniae,Amikacin,2021,497,271,54.5
Klebsiella pneumoniae,Amikacin,2022,472,269,57.0
Klebsiella pneumoniae,Amikacin,2023,414,245,59.2
Klebsiella pneumoniae,Amikacin,2024,458,247,53.9
Pseudomonas aeruginosa,Amikacin,2004,20,4,20.0
Pseudomonas aeruginosa,Amikacin,2005,1,0,0.0
Pseudomonas aeruginosa,Amikacin,2006,23,13,56.5
Pseudomonas aeruginosa,Amikacin,2007,115,49,42.6
Pseudomonas aeruginosa,Amikacin,2008,41,14,34.1
Pseudomonas aeruginosa,Amikacin,2009,22,5,22.7
Pseudomonas aeruginosa,Amikacin,2015,33,8,24.2
Pseudomonas aeruginosa,Amikacin,2016,40,7,17.5
Pseudomonas aeruginosa,Amikacin,2018,140,38,27.1
Pseudomonas aeruginosa,Amikacin,2019,312,63,20.2
Pseudomonas aeruginosa,Amikacin,2020,451,96,21.3
Pseudomonas aeruginosa,Amikacin,2021,462,87,18.8
Pseudomonas aeruginosa,Amikacin,2022,401,106,26.4
Pseudomonas aeruginosa,Amikacin,2023,362,101,27.9
Pseudomonas aeruginosa,Amikacin,2024,281,69,24.6
Acinetobacter baumannii,Ceftazidime,2004,11,6,54.5
Acinetobacter baumannii,Ceftazidime,2005,6,6,100.0
Acinetobacter baumannii,Ceftazidime,2006,9,9,100.0
Acinetobacter baumannii,Ceftazidime,2007,89,78,87.6
Acinetobacter baumannii,Ceftazidime,2008,22,12,54.5
Acinetobacter baumannii,Ceftazidime,2009,7,2,28.6
Acinetobacter baumannii,Ceftazidime,2015,22,15,68.2
Acinetobacter baumannii,Ceftazidime,2016,31,27,87.1
Acinetobacter baumannii,Ceftazidime,2018,61,50,82.0
Acinetobacter baumannii,Ceftazidime,2019,215,188,87.4
Acinetobacter baumannii,Ceftazidime,2020,253,228,90.1
Acinetobacter baumannii,Ceftazidime,2021,232,206,88.8
Acinetobacter baumannii,Ceftazidime,2022,191,174,91.1
Acinetobacter baumannii,Ceftazidime,2023,162,152,93.8
Acinetobacter baumannii,Ceftazidime,2024,164,146,89.0
Escherichia coli,Ceftazidime,2004,1,1,100.0
Escherichia coli,Ceftazidime,2006,1,0,0.0
Escherichia coli,Ceftazidime,2007,10,8,80.0
Escherichia coli,Ceftazidime,2008,5,5,100.0
Escherichia coli,Ceftazidime,2015,39,16,41.0
Escherichia coli,Ceftazidime,2016,50,24,48.0
Escherichia coli,Ceftazidime,2018,224,165,73.7
Escherichia coli,Ceftazidime,2019,270,155,57.4
Escherichia coli,Ceftazidime,2020,435,280,64.4
Escherichia coli,Ceftazidime,2021,496,301,60.7
Escherichia coli,Ceftazidime,2022,423,248,58.6
Escherichia coli,Ceftazidime,2023,379,215,56.7
Escherichia coli,Ceftazidime,2024,395,227,57.5
Klebsiella pneumoniae,Ceftazidime,2006,7,6,85.7
Klebsiella pneumoniae,Ceftazidime,2007,14,14,100.0
Klebsiella pneumoniae,Ceftazidime,2008,11,11,100.0
Klebsiella pneumoniae,Ceftazidime,2009,1,1,100.0
Klebsiella pneumoniae,Ceftazidime,2015,33,14,42.4
Klebsiella pneumoniae,Ceftazidime,2016,39,24,61.5
Klebsiella pneumoniae,Ceftazidime,2018,204,154,75.5
Klebsiella pneumoniae,Ceftazidime,2019,326,212,65.0
Klebsiella pneumoniae,Ceftazidime,2020,541,370,68.4
Klebsiella pneumoniae,Ceftazidime,2021,497,369,74.2
Klebsiella pneumoniae,Ceftazidime,2022,472,345,73.1
Klebsiella pneumoniae,Ceftazidime,2023,414,306,73.9
Klebsiella pneumoniae,Ceftazidime,2024,458,321,70.1
Pseudomonas aeruginosa,Ceftazidime,2004,20,7,35.0
Pseudomonas aeruginosa,Ceftazidime,2005,1,0,0.0
Pseudomonas aeruginosa,Ceftazidime,2006,23,15,65.2
Pseudomonas aeruginosa,Ceftazidime,2007,115,73,63.5
Pseudomonas aeruginosa,Ceftazidime,2008,41,18,43.9
Pseudomonas aeruginosa,Ceftazidime,2009,22,10,45.5
Pseudomonas aeruginosa,Ceftazidime,2015,33,8,24.2
Pseudomonas aeruginosa,Ceftazidime,2016,40,9,22.5
Pseudomonas aeruginosa,Ceftazidime,2018,140,39,27.9
Pseudomonas aeruginosa,Ceftazidime,2019,312,75,24.0
Pseudomonas aeruginosa,Ceftazidime,2020,451,111,24.6
Pseudomonas aeruginosa,Ceftazidime,2021,462,110,23.8
Pseudomonas aeruginosa,Ceftazidime,2022,401,119,29.7
Pseudomonas aeruginosa,Ceftazidime,2023,362,114,31.5
Pseudomonas aeruginosa,Ceftazidime,2024,281,83,29.5
Acinetobacter baumannii,Piperacillin tazobactam,2004,11,0,0.0
Acinetobacter baumannii,Piperacillin tazobactam,2005,6,6,100.0
Acinetobacter baumannii,Piperacillin tazobactam,2006,9,8,88.9
Acinetobacter baumannii,Piperacillin tazobactam,2007,89,74,83.1
Acinetobacter baumannii,Piperacillin tazobactam,2008,22,13,59.1
Acinetobacter baumannii,Piperacillin tazobactam,2009,7,4,57.1
Acinetobacter baumannii,Piperacillin tazobactam,2015,22,17,77.3
Acinetobacter baumannii,Piperacillin tazobactam,2016,31,27,87.1
Acinetobacter baumannii,Piperacillin tazobactam,2018,61,41,67.2
Acinetobacter baumannii,Piperacillin tazobactam,2019,215,193,89.8
Acinetobacter baumannii,Piperacillin tazobactam,2020,253,222,87.7
Acinetobacter baumannii,Piperacillin tazobactam,2021,232,205,88.4
Acinetobacter baumannii,Piperacillin tazobactam,2022,191,172,90.1
Acinetobacter baumannii,Piperacillin tazobactam,2023,162,149,92.0
Acinetobacter baumannii,Piperacillin tazobactam,2024,164,146,89.0
Escherichia coli,Piperacillin tazobactam,2004,25,0,0.0
Escherichia coli,Piperacillin tazobactam,2006,43,17,39.5
Escherichia coli,Piperacillin tazobactam,2007,115,38,33.0
Escherichia coli,Piperacillin tazobactam,2008,45,10,22.2
Escherichia coli,Piperacillin tazobactam,2009,5,0,0.0
Escherichia coli,Piperacillin tazobactam,2015,39,7,17.9
Escherichia coli,Piperacillin tazobactam,2016,50,14,28.0
Escherichia coli,Piperacillin tazobactam,2018,224,75,33.5
Escherichia coli,Piperacillin tazobactam,2019,270,77,28.5
Escherichia coli,Piperacillin tazobactam,2020,435,131,30.1
Escherichia coli,Piperacillin tazobactam,2021,496,174,35.1
Escherichia coli,Piperacillin tazobactam,2022,423,146,34.5
Escherichia coli,Piperacillin tazobactam,2023,379,131,34.6
Escherichia coli,Piperacillin tazobactam,2024,395,142,35.9
Klebsiella pneumoniae,Piperacillin tazobactam,2004,25,2,8.0
Klebsiella pneumoniae,Piperacillin tazobactam,2006,39,25,64.1
Klebsiella pneumoniae,Piperacillin tazobactam,2007,105,55,52.4
Klebsiella pneumoniae,Piperacillin tazobactam,2008,54,18,33.3
Klebsiella pneumoniae,Piperacillin tazobactam,2009,24,16,66.7
Klebsiella pneumoniae,Piperacillin tazobactam,2015,33,12,36.4
Klebsiella pneumoniae,Piperacillin tazobactam,2016,39,19,48.7
Klebsiella pneumoniae,Piperacillin tazobactam,2018,204,125,61.3
Klebsiella pneumoniae,Piperacillin tazobactam,2019,326,184,56.4
Klebsiella pneumoniae,Piperacillin tazobactam,2020,541,320,59.1
Klebsiella pneumoniae,Piperacillin tazobactam,2021,497,336,67.6
Klebsiella pneumoniae,Piperacillin tazobactam,2022,472,305,64.6
Klebsiella pneumoniae,Piperacillin tazobactam,2023,414,268,64.7
Klebsiella pneumoniae,Piperacillin tazobactam,2024,458,297,64.8
Pseudomonas aeruginosa,Piperacillin tazobactam,2004,20,6,30.0
Pseudomonas aeruginosa,Piperacillin tazobactam,2005,1,0,0.0
Pseudomonas aeruginosa,Piperacillin tazobactam,2006,23,12,52.2
Pseudomonas aeruginosa,Piperacillin tazobactam,2007,115,54,47.0
Pseudomonas aeruginosa,Piperacillin tazobactam,2008,41,12,29.3
Pseudomonas aeruginosa,Piperacillin tazobactam,2009,22,8,36.4
Pseudomonas aeruginosa,Piperacillin tazobactam,2015,33,10,30.3
Pseudomonas aeruginosa,Piperacillin tazobactam,2016,40,11,27.5
Pseudomonas aeruginosa,Piperacillin tazobactam,2018,140,39,27.9
Pseudomonas aeruginosa,Piperacillin tazobactam,2019,312,72,23.1
Pseudomonas aeruginosa,Piperacillin tazobactam,2020,451,100,22.2
Pseudomonas aeruginosa,Piperacillin tazobactam,2021,462,118,25.5
Pseudomonas aeruginosa,Piperacillin tazobactam,2022,401,114,28.4
Pseudomonas aeruginosa,Piperacillin tazobactam,2023,362,115,31.8
Pseudomonas aeruginosa,Piperacillin tazobactam,2024,281,93,33.1
Acinetobacter baumannii,Colistin,2018,61,5,8.2
Acinetobacter baumannii,Colistin,2019,215,4,1.9
Acinetobacter baumannii,Colistin,2020,253,4,1.6
Acinetobacter baumannii,Colistin,2021,232,4,1.7
Acinetobacter baumannii,Colistin,2022,191,0,0.0
Acinetobacter baumannii,Colistin,2023,162,0,0.0
Acinetobacter baumannii,Colistin,2024,164,2,1.2
Escherichia coli,Colistin,2018,224,0,0.0
Escherichia coli,Colistin,2019,270,0,0.0
Escherichia coli,Colistin,2020,435,1,0.2
Escherichia coli,Colistin,2021,496,0,0.0
Escherichia coli,Colistin,2022,423,0,0.0
Escherichia coli,Colistin,2023,379,0,0.0
Escherichia coli,Colistin,2024,395,5,1.3
Klebsiella pneumoniae,Colistin,2018,204,16,7.8
Klebsiella pneumoniae,Colistin,2019,326,26,8.0
Klebsiella pneumoniae,Colistin,2020,541,38,7.0
Klebsiella pneumoniae,Colistin,2021,497,19,3.8
Klebsiella pneumoniae,Colistin,2022,472,32,6.8
Klebsiella pneumoniae,Colistin,2023,414,25,6.0
Klebsiella pneumoniae,Colistin,2024,458,33,7.2
Pseudomonas aeruginosa,Colistin,2018,140,25,17.9
Pseudomonas aeruginosa,Colistin,2019,312,1,0.3
Pseudomonas aeruginosa,Colistin,2020,451,0,0.0
Pseudomonas aeruginosa,Colistin,2021,462,4,0.9
Pseudomonas aeruginosa,Colistin,2022,401,2,0.5
Pseudomonas aeruginosa,Colistin,2023,362,4,1.1
Pseudomonas aeruginosa,Colistin,2024,281,7,2.5
Acinetobacter baumannii,Levofloxacin,2004,11,1,9.1
Acinetobacter baumannii,Levofloxacin,2005,6,3,50.0
Acinetobacter baumannii,Levofloxacin,2006,9,5,55.6
Acinetobacter baumannii,Levofloxacin,2007,89,62,69.7
Acinetobacter baumannii,Levofloxacin,2008,22,10,45.5
Acinetobacter baumannii,Levofloxacin,2009,7,4,57.1
Acinetobacter baumannii,Levofloxacin,2015,22,10,45.5
Acinetobacter baumannii,Levofloxacin,2016,31,25,80.6
Acinetobacter baumannii,Levofloxacin,2018,61,46,75.4
Acinetobacter baumannii,Levofloxacin,2019,215,168,78.1
Acinetobacter baumannii,Levofloxacin,2020,253,218,86.2
Acinetobacter baumannii,Levofloxacin,2021,232,195,84.1
Acinetobacter baumannii,Levofloxacin,2022,191,157,82.2
Acinetobacter baumannii,Levofloxacin,2023,162,145,89.5
Acinetobacter baumannii,Levofloxacin,2024,164,140,85.4
Escherichia coli,Levofloxacin,2004,25,19,76.0
Escherichia coli,Levofloxacin,2006,43,41,95.3
Escherichia coli,Levofloxacin,2007,115,106,92.2
Escherichia coli,Levofloxacin,2008,45,42,93.3
Escherichia coli,Levofloxacin,2009,5,2,40.0
Escherichia coli,Levofloxacin,2015,39,25,64.1
Escherichia coli,Levofloxacin,2016,50,44,88.0
Escherichia coli,Levofloxacin,2018,224,184,82.1
Escherichia coli,Levofloxacin,2019,270,189,70.0
Escherichia coli,Levofloxacin,2020,435,321,73.8
Escherichia coli,Levofloxacin,2021,496,352,71.0
Escherichia coli,Levofloxacin,2022,423,311,73.5
Escherichia coli,Levofloxacin,2023,379,295,77.8
Escherichia coli,Levofloxacin,2024,395,289,73.2
Klebsiella pneumoniae,Levofloxacin,2004,25,11,44.0
Klebsiella pneumoniae,Levofloxacin,2006,39,29,74.4
Klebsiella pneumoniae,Levofloxacin,2007,105,64,61.0
Klebsiella pneumoniae,Levofloxacin,2008,54,29,53.7
Klebsiella pneumoniae,Levofloxacin,2009,24,14,58.3
Klebsiella pneumoniae,Levofloxacin,2015,33,14,42.4
Klebsiella pneumoniae,Levofloxacin,2016,39,23,59.0
Klebsiella pneumoniae,Levofloxacin,2018,204,134,65.7
Klebsiella pneumoniae,Levofloxacin,2019,326,196,60.1
Klebsiella pneumoniae,Levofloxacin,2020,541,347,64.1
Klebsiella pneumoniae,Levofloxacin,2021,497,341,68.6
Klebsiella pneumoniae,Levofloxacin,2022,472,320,67.8
Klebsiella pneumoniae,Levofloxacin,2023,414,276,66.7
Klebsiella pneumoniae,Levofloxacin,2024,458,312,68.1
Pseudomonas aeruginosa,Levofloxacin,2004,20,13,65.0
Pseudomonas aeruginosa,Levofloxacin,2005,1,0,0.0
Pseudomonas aeruginosa,Levofloxacin,2006,23,18,78.3
Pseudomonas aeruginosa,Levofloxacin,2007,115,84,73.0
Pseudomonas aeruginosa,Levofloxacin,2008,41,23,56.1
Pseudomonas aeruginosa,Levofloxacin,2009,22,12,54.5
Pseudomonas aeruginosa,Levofloxacin,2015,33,12,36.4
Pseudomonas aeruginosa,Levofloxacin,2016,40,18,45.0
Pseudomonas aeruginosa,Levofloxacin,2018,140,49,35.0
Pseudomonas aeruginosa,Levofloxacin,2019,312,84,26.9
Pseudomonas aeruginosa,Levofloxacin,2020,451,131,29.0
Pseudomonas aeruginosa,Levofloxacin,2021,462,134,29.0
Pseudomonas aeruginosa,Levofloxacin,2022,401,141,35.2
Pseudomonas aeruginosa,Levofloxacin,2023,362,114,31.5
Pseudomonas aeruginosa,Levofloxacin,2024,281,81,28.8
Staphylococcus aureus,Levofloxacin,2004,25,15,60.0
Staphylococcus aureus,Levofloxacin,2005,1,0,0.0
Staphylococcus aureus,Levofloxacin,2006,23,8,34.8
Staphylococcus aureus,Levofloxacin,2007,74,42,56.8
Staphylococcus aureus,Levofloxacin,2008,29,19,65.5
Staphylococcus aureus,Levofloxacin,2009,24,19,79.2
Staphylococcus aureus,Levofloxacin,2015,49,32,65.3
Staphylococcus aureus,Levofloxacin,2016,50,35,70.0
Staphylococcus aureus,Levofloxacin,2018,28,24,85.7
Staphylococcus aureus,Levofloxacin,2019,340,288,84.7
Staphylococcus aureus,Levofloxacin,2020,357,293,82.1
Staphylococcus aureus,Levofloxacin,2021,359,301,83.8
Staphylococcus aureus,Levofloxacin,2022,315,276,87.6
Staphylococcus aureus,Levofloxacin,2023,321,276,86.0
Staphylococcus aureus,Levofloxacin,2024,302,199,65.9
Acinetobacter baumannii,Cefepime,2004,11,1,9.1
Acinetobacter baumannii,Cefepime,2005,6,6,100.0
Acinetobacter baumannii,Cefepime,2006,9,9,100.0
Acinetobacter baumannii,Cefepime,2007,89,75,84.3
Acinetobacter baumannii,Cefepime,2008,22,13,59.1
Acinetobacter baumannii,Cefepime,2009,7,3,42.9
Acinetobacter baumannii,Cefepime,2015,22,17,77.3
Acinetobacter baumannii,Cefepime,2016,31,27,87.1
Acinetobacter baumannii,Cefepime,2018,61,52,85.2
Acinetobacter baumannii,Cefepime,2019,215,195,90.7
Acinetobacter baumannii,Cefepime,2020,253,230,90.9
Acinetobacter baumannii,Cefepime,2021,232,208,89.7
Acinetobacter baumannii,Cefepime,2022,191,174,91.1
Acinetobacter baumannii,Cefepime,2023,162,152,93.8
Acinetobacter baumannii,Cefepime,2024,164,146,89.0
Escherichia coli,Cefepime,2004,25,7,28.0
Escherichia coli,Cefepime,2006,43,35,81.4
Escherichia coli,Cefepime,2007,115,91,79.1
Escherichia coli,Cefepime,2008,45,33,73.3
Escherichia coli,Cefepime,2009,5,1,20.0
Escherichia coli,Cefepime,2015,39,18,46.2
Escherichia coli,Cefepime,2016,50,26,52.0
Escherichia coli,Cefepime,2018,224,144,64.3
Escherichia coli,Cefepime,2019,270,145,53.7
Escherichia coli,Cefepime,2020,435,239,54.9
Escherichia coli,Cefepime,2021,496,257,51.8
Escherichia coli,Cefepime,2022,423,216,51.1
Escherichia coli,Cefepime,2023,379,171,45.1
Escherichia coli,Cefepime,2024,395,193,48.9
Klebsiella pneumoniae,Cefepime,2004,25,5,20.0
Klebsiella pneumoniae,Cefepime,2006,39,32,82.1
Klebsiella pneumoniae,Cefepime,2007,105,80,76.2
Klebsiella pneumoniae,Cefepime,2008,54,31,57.4
Klebsiella pneumoniae,Cefepime,2009,24,17,70.8
Klebsiella pneumoniae,Cefepime,2015,33,13,39.4
Klebsiella pneumoniae,Cefepime,2016,39,21,53.8
Klebsiella pneumoniae,Cefepime,2018,204,139,68.1
Klebsiella pneumoniae,Cefepime,2019,326,197,60.4
Klebsiella pneumoniae,Cefepime,2020,541,351,64.9
Klebsiella pneumoniae,Cefepime,2021,497,339,68.2
Klebsiella pneumoniae,Cefepime,2022,472,329,69.7
Klebsiella pneumoniae,Cefepime,2023,414,281,67.9
Klebsiella pneumoniae,Cefepime,2024,458,296,64.6
Pseudomonas aeruginosa,Cefepime,2004,20,7,35.0
Pseudomonas aeruginosa,Cefepime,2005,1,0,0.0
Pseudomonas aeruginosa,Cefepime,2006,23,16,69.6
Pseudomonas aeruginosa,Cefepime,2007,115,64,55.7
Pseudomonas aeruginosa,Cefepime,2008,41,18,43.9
Pseudomonas aeruginosa,Cefepime,2009,22,6,27.3
Pseudomonas aeruginosa,Cefepime,2015,33,10,30.3
Pseudomonas aeruginosa,Cefepime,2016,40,11,27.5
Pseudomonas aeruginosa,Cefepime,2018,140,37,26.4
Pseudomonas aeruginosa,Cefepime,2019,312,65,20.8
Pseudomonas aeruginosa,Cefepime,2020,451,104,23.1
Pseudomonas aeruginosa,Cefepime,2021,462,104,22.5
Pseudomonas aeruginosa,Cefepime,2022,401,115,28.7
Pseudomonas aeruginosa,Cefepime,2023,362,103,28.5
Pseudomonas aeruginosa,Cefepime,2024,281,83,29.5
Acinetobacter baumannii,Gentamicin,2018,61,48,78.7
Acinetobacter baumannii,Gentamicin,2019,215,191,88.8
Acinetobacter baumannii,Gentamicin,2020,253,227,89.7
Acinetobacter baumannii,Gentamicin,2021,232,198,85.3
Acinetobacter baumannii,Gentamicin,2022,191,170,89.0
Acinetobacter baumannii,Gentamicin,2023,162,146,90.1
Acinetobacter baumannii,Gentamicin,2024,164,141,86.0
Escherichia coli,Gentamicin,2018,224,97,43.3
Escherichia coli,Gentamicin,2019,270,73,27.0
Escherichia coli,Gentamicin,2020,435,152,34.9
Escherichia coli,Gentamicin,2021,496,144,29.0
Escherichia coli,Gentamicin,2022,423,94,22.2
Escherichia coli,Gentamicin,2023,379,83,21.9
Escherichia coli,Gentamicin,2024,395,93,23.5
Klebsiella pneumoniae,Gentamicin,2018,204,126,61.8
Klebsiella pneumoniae,Gentamicin,2019,326,171,52.5
Klebsiella pneumoniae,Gentamicin,2020,541,299,55.3
Klebsiella pneumoniae,Gentamicin,2021,497,297,59.8
Klebsiella pneumoniae,Gentamicin,2022,472,282,59.7
Klebsiella pneumoniae,Gentamicin,2023,414,254,61.4
Klebsiella pneumoniae,Gentamicin,2024,458,247,53.9
Staphylococcus aureus,Gentamicin,2018,28,6,21.4
Staphylococcus aureus,Gentamicin,2019,340,82,24.1
Staphylococcus aureus,Gentamicin,2020,357,94,26.3
Staphylococcus aureus,Gentamicin,2021,359,66,18.4
Staphylococcus aureus,Gentamicin,2022,315,81,25.7
Staphylococcus aureus,Gentamicin,2023,321,94,29.3
Staphylococcus aureus,Gentamicin,2024,302,65,21.5
Acinetobacter baumannii,Trimethoprim sulfa,2018,61,41,67.2
Acinetobacter baumannii,Trimethoprim sulfa,2019,215,161,74.9
Acinetobacter baumannii,Trimethoprim sulfa,2020,253,188,74.3
Acinetobacter baumannii,Trimethoprim sulfa,2021,232,177,76.3
Acinetobacter baumannii,Trimethoprim sulfa,2022,191,155,81.2
Acinetobacter baumannii,Trimethoprim sulfa,2023,162,126,77.8
Acinetobacter baumannii,Trimethoprim sulfa,2024,164,126,76.8
Escherichia coli,Trimethoprim sulfa,2018,224,138,61.6
Escherichia coli,Trimethoprim sulfa,2019,270,144,53.3
Escherichia coli,Trimethoprim sulfa,2020,435,246,56.6
Escherichia coli,Trimethoprim sulfa,2021,496,277,55.8
Escherichia coli,Trimethoprim sulfa,2022,423,263,62.2
Escherichia coli,Trimethoprim sulfa,2023,379,198,52.2
Escherichia coli,Trimethoprim sulfa,2024,395,240,60.8
Klebsiella pneumoniae,Trimethoprim sulfa,2018,204,142,69.6
Klebsiella pneumoniae,Trimethoprim sulfa,2019,326,198,60.7
Klebsiella pneumoniae,Trimethoprim sulfa,2020,541,339,62.7
Klebsiella pneumoniae,Trimethoprim sulfa,2021,497,317,63.8
Klebsiella pneumoniae,Trimethoprim sulfa,2022,472,315,66.7
Klebsiella pneumoniae,Trimethoprim sulfa,2023,414,270,65.2
Klebsiella pneumoniae,Trimethoprim sulfa,2024,458,278,60.7
Staphylococcus aureus,Trimethoprim sulfa,2018,28,2,7.1
Staphylococcus aureus,Trimethoprim sulfa,2019,340,23,6.8
Staphylococcus aureus,Trimethoprim sulfa,2020,357,10,2.8
Staphylococcus aureus,Trimethoprim sulfa,2021,359,7,1.9
Staphylococcus aureus,Trimethoprim sulfa,2022,315,4,1.3
Staphylococcus aureus,Trimethoprim sulfa,2023,321,3,0.9
Staphylococcus aureus,Trimethoprim sulfa,2024,302,8,2.6
Escherichia coli,Tigecycline,2004,25,0,0.0
Escherichia coli,Tigecycline,2006,43,0,0.0
Escherichia coli,Tigecycline,2007,115,0,0.0
Escherichia coli,Tigecycline,2008,45,0,0.0
Escherichia coli,Tigecycline,2009,5,0,0.0
Escherichia coli,Tigecycline,2015,39,0,0.0
Escherichia coli,Tigecycline,2016,50,0,0.0
Escherichia coli,Tigecycline,2018,224,1,0.4
Escherichia coli,Tigecycline,2019,270,0,0.0
Escherichia coli,Tigecycline,2020,435,2,0.5
Escherichia coli,Tigecycline,2021,496,1,0.2
Escherichia coli,Tigecycline,2022,423,0,0.0
Escherichia coli,Tigecycline,2023,379,0,0.0
Escherichia coli,Tigecycline,2024,395,0,0.0
Klebsiella pneumoniae,Tigecycline,2004,25,0,0.0
Klebsiella pneumoniae,Tigecycline,2006,39,0,0.0
Klebsiella pneumoniae,Tigecycline,2007,105,0,0.0
Klebsiella pneumoniae,Tigecycline,2008,54,1,1.9
Klebsiella pneumoniae,Tigecycline,2009,24,1,4.2
Klebsiella pneumoniae,Tigecycline,2015,33,0,0.0
Klebsiella pneumoniae,Tigecycline,2016,39,0,0.0
Klebsiella pneumoniae,Tigecycline,2018,204,0,0.0
Klebsiella pneumoniae,Tigecycline,2019,326,0,0.0
Klebsiella pneumoniae,Tigecycline,2020,541,1,0.2
Klebsiella pneumoniae,Tigecycline,2021,497,1,0.2
Klebsiella pneumoniae,Tigecycline,2022,471,1,0.2
Klebsiella pneumoniae,Tigecycline,2023,414,1,0.2
Klebsiella pneumoniae,Tigecycline,2024,458,3,0.7
Staphylococcus aureus,Tigecycline,2004,25,0,0.0
Staphylococcus aureus,Tigecycline,2005,1,0,0.0
Staphylococcus aureus,Tigecycline,2006,23,0,0.0
Staphylococcus aureus,Tigecycline,2007,74,0,0.0
Staphylococcus aureus,Tigecycline,2008,29,0,0.0
Staphylococcus aureus,Tigecycline,2009,24,0,0.0
Staphylococcus aureus,Tigecycline,2015,49,0,0.0
Staphylococcus aureus,Tigecycline,2016,50,0,0.0
Staphylococcus aureus,Tigecycline,2018,28,0,0.0
Staphylococcus aureus,Tigecycline,2019,340,0,0.0
Staphylococcus aureus,Tigecycline,2020,357,0,0.0
Staphylococcus aureus,Tigecycline,2021,359,0,0.0
Staphylococcus aureus,Tigecycline,2022,315,0,0.0
Staphylococcus aureus,Tigecycline,2023,321,0,0.0
Staphylococcus aureus,Tigecycline,2024,302,0,0.0
