country,year,pathogen,antibiotic,resistance_pct
Global,2024.0,Escherichia coli,acridine_dye,100
Global,2024.0,Escherichia coli,acridine_dye,100
Global,2024.0,Escherichia coli,acridine_dye,100
Global,2024.0,Escherichia coli,acridine_dye,100
Global,2024.0,Escherichia coli,acridine_dye,100
Global,2024.0,Escherichia coli,acridine_dye,100
Global,2024.0,Escherichia coli,acridine_dye,100
Global,2024.0,Escherichia coli,acridine_dye,100
Global,2024.0,Escherichia coli,acridine_dye,100
Global,2024.0,Escherichia coli,acridine_dye,100
Global,2024.0,Escherichia coli,acridine_dye,100
Global,2024.0,Escherichia coli,acridine_dye,100
Global,2024.0,Escherichia coli,acridine_dye,100
Global,2024.0,Escherichia coli,acridine_dye,100
Global,2024.0,Escherichia coli,acridine_dye,100
Global,2024.0,Escherichia coli,acridine_dye,100
Global,2024.0,Escherichia coli,acridine_dye,100
Global,2024.0,Escherichia coli,acridine_dye,100
Global,2024.0,Escherichia coli,acridine_dye,100
Global,2024.0,Escherichia coli,acridine_dye,100
Global,2024.0,Escherichia coli,acridine_dye,100
Global,2024.0,Escherichia coli,acridine_dye,100
Global,2024.0,Escherichia coli,acridine_dye,100
Global,2024.0,Escherichia coli,acridine_dye,100
Global,2024.0,Escherichia coli,acridine_dye,100
Global,2024.0,Escherichia coli,acridine_dye,100
Global,2024.0,Escherichia coli,acridine_dye,100
Global,2024.0,Escherichia coli,acridine_dye,100
Global,2024.0,Escherichia coli,acridine_dye,100
Global,2024.0,Escherichia coli,acridine_dye,100
Global,2024.0,Escherichia coli,acridine_dye,100
Global,2024.0,Escherichia coli,acridine_dye,100
Global,2024.0,Escherichia coli,acridine_dye,100
Global,2024.0,Escherichia coli,acridine_dye,100
Global,2024.0,Escherichia coli,acridine_dye,100
Global,2024.0,Escherichia coli,acridine_dye,100
Global,2024.0,Escherichia coli,acridine_dye,100
Global,2024.0,Escherichia coli,acridine_dye,100
Global,2024.0,Escherichia coli,acridine_dye,100
Global,2024.0,,acridine_dye,100
Global,2024.0,Escherichia coli,acridine_dye,100
Global,2024.0,Escherichia coli,acridine_dye,100
Global,2024.0,Escherichia coli,acridine_dye,100
Global,2024.0,Escherichia coli,acridine_dye,100
Global,2024.0,Escherichia coli,acridine_dye,100
Global,2024.0,Escherichia coli,acridine_dye,100
Global,2024.0,Escherichia coli,acridine_dye,100
Global,2024.0,Escherichia coli,acridine_dye,100
Global,2024.0,Escherichia coli,acridine_dye,100
Global,2024.0,Escherichia coli,acridine_dye,100
Global,2024.0,Escherichia coli,aminocoumarin,100
Global,2024.0,Escherichia coli,aminocoumarin,100
Global,2024.0,Escherichia coli,aminocoumarin,100
Global,2024.0,Escherichia coli,aminocoumarin,100
Global,2024.0,Escherichia coli,aminocoumarin,100
Global,2024.0,Escherichia coli,aminocoumarin,100
Global,2024.0,Escherichia coli,aminocoumarin,100
Global,2024.0,Escherichia coli,aminocoumarin,100
Global,2024.0,Escherichia coli,aminocoumarin,100
Global,2024.0,Escherichia coli,aminocoumarin,100
Global,2024.0,Escherichia coli,aminocoumarin,100
Global,2024.0,Escherichia coli,aminocoumarin,100
Global,2024.0,Escherichia coli,aminocoumarin,100
Global,2024.0,Escherichia coli,aminocoumarin,100
Global,2024.0,Escherichia coli,aminocoumarin,100
Global,2024.0,Escherichia coli,aminocoumarin,100
Global,2024.0,Escherichia coli,aminocoumarin,100
Global,2024.0,Escherichia coli,aminocoumarin,100
Global,2024.0,Escherichia coli,aminocoumarin,100
Global,2024.0,Escherichia coli,aminocoumarin,100
Global,2024.0,Escherichia coli,aminocoumarin,100
Global,2024.0,Escherichia coli,aminocoumarin,100
Global,2024.0,Escherichia coli,aminocoumarin,100
Global,2024.0,Escherichia coli,aminocoumarin,100
Global,2024.0,Escherichia coli,aminocoumarin,100
Global,2024.0,Escherichia coli,aminocoumarin,100
Global,2024.0,Escherichia coli,aminocoumarin,100
Global,2024.0,Escherichia coli,aminocoumarin,100
Global,2024.0,Escherichia coli,aminocoumarin,100
Global,2024.0,Escherichia coli,aminocoumarin,100
Global,2024.0,Escherichia coli,aminocoumarin,100
Global,2024.0,Escherichia coli,aminocoumarin,100
Global,2024.0,Escherichia coli,aminocoumarin,100
Global,2024.0,Escherichia coli,aminocoumarin,100
Global,2024.0,Escherichia coli,aminocoumarin,100
Global,2024.0,Escherichia coli,aminocoumarin,100
Global,2024.0,Escherichia coli,aminocoumarin,100
Global,2024.0,Escherichia coli,aminocoumarin,100
Global,2024.0,Escherichia coli,aminocoumarin,100
Global,2024.0,,aminocoumarin,100
Global,2024.0,Escherichia coli,aminocoumarin,100
Global,2024.0,Escherichia coli,aminocoumarin,100
Global,2024.0,Escherichia coli,aminocoumarin,100
Global,2024.0,Escherichia coli,aminocoumarin,100
Global,2024.0,Escherichia coli,aminocoumarin,100
Global,2024.0,Escherichia coli,aminocoumarin,100
Global,2024.0,Escherichia coli,aminocoumarin,100
Global,2024.0,Escherichia coli,aminocoumarin,100
Global,2024.0,Escherichia coli,aminocoumarin,100
Global,2024.0,Escherichia coli,aminocoumarin,100
Global,2024.0,Escherichia coli,aminoglycoside,100
Global,2024.0,Escherichia coli,aminoglycoside,100
Global,2024.0,Escherichia coli,aminoglycoside,100
Global,2024.0,Escherichia coli,aminoglycoside,100
Global,2024.0,Escherichia coli,aminoglycoside,100
Global,2024.0,Escherichia coli,aminoglycoside,100
Global,2024.0,Escherichia coli,aminoglycoside,100
Global,2024.0,Escherichia coli,aminoglycoside,100
Global,2024.0,Escherichia coli,aminoglycoside,100
Global,2024.0,Escherichia coli,aminoglycoside,100
Global,2024.0,Escherichia coli,aminoglycoside,100
Global,2024.0,Escherichia coli,aminoglycoside,100
Global,2024.0,Escherichia coli,aminoglycoside,100
Global,2024.0,Escherichia coli,aminoglycoside,100
Global,2024.0,Escherichia coli,aminoglycoside,100
Global,2024.0,Escherichia coli,aminoglycoside,100
Global,2024.0,Escherichia coli,aminoglycoside,100
Global,2024.0,Escherichia coli,aminoglycoside,100
Global,2024.0,Escherichia coli,aminoglycoside,100
Global,2024.0,Escherichia coli,aminoglycoside,100
Global,2024.0,Escherichia coli,aminoglycoside,100
Global,2024.0,Escherichia coli,aminoglycoside,100
Global,2024.0,Escherichia coli,aminoglycoside,100
Global,2024.0,Escherichia coli,aminoglycoside,100
Global,2024.0,Escherichia coli,aminoglycoside,100
Global,2024.0,Escherichia coli,aminoglycoside,100
Global,2024.0,Escherichia coli,aminoglycoside,100
Global,2024.0,Escherichia coli,aminoglycoside,100
Global,2024.0,Escherichia coli,aminoglycoside,100
Global,2024.0,Escherichia coli,aminoglycoside,100
Global,2024.0,Escherichia coli,aminoglycoside,100
Global,2024.0,Escherichia coli,aminoglycoside,100
Global,2024.0,Escherichia coli,aminoglycoside,100
Global,2024.0,Escherichia coli,aminoglycoside,100
Global,2024.0,Escherichia coli,aminoglycoside,100
Global,2024.0,Escherichia coli,aminoglycoside,100
Global,2024.0,Escherichia coli,aminoglycoside,100
Global,2024.0,Escherichia coli,aminoglycoside,100
Global,2024.0,Escherichia coli,aminoglycoside,100
Global,2024.0,,aminoglycoside,100
Global,2024.0,Escherichia coli,aminoglycoside,100
Global,2024.0,Escherichia coli,aminoglycoside,100
Global,2024.0,Escherichia coli,aminoglycoside,100
Global,2024.0,Escherichia coli,aminoglycoside,100
Global,2024.0,Escherichia coli,aminoglycoside,100
Global,2024.0,Escherichia coli,aminoglycoside,100
Global,2024.0,Escherichia coli,aminoglycoside,100
Global,2024.0,Escherichia coli,aminoglycoside,100
Global,2024.0,Escherichia coli,aminoglycoside,100
Global,2024.0,Escherichia coli,aminoglycoside,100
Global,2024.0,Escherichia coli,benzalkonium_chloride,100
Global,2024.0,Escherichia coli,benzalkonium_chloride,100
Global,2024.0,Escherichia coli,benzalkonium_chloride,100
Global,2024.0,Escherichia coli,benzalkonium_chloride,100
Global,2024.0,Escherichia coli,benzalkonium_chloride,100
Global,2024.0,Escherichia coli,benzalkonium_chloride,100
Global,2024.0,Escherichia coli,benzalkonium_chloride,100
Global,2024.0,Escherichia coli,benzalkonium_chloride,100
Global,2024.0,Escherichia coli,benzalkonium_chloride,100
Global,2024.0,Escherichia coli,benzalkonium_chloride,100
Global,2024.0,Escherichia coli,benzalkonium_chloride,100
Global,2024.0,Escherichia coli,benzalkonium_chloride,100
Global,2024.0,Escherichia coli,benzalkonium_chloride,100
Global,2024.0,Escherichia coli,benzalkonium_chloride,100
Global,2024.0,Escherichia coli,benzalkonium_chloride,100
Global,2024.0,Escherichia coli,benzalkonium_chloride,100
Global,2024.0,Escherichia coli,benzalkonium_chloride,100
Global,2024.0,Escherichia coli,benzalkonium_chloride,100
Global,2024.0,Escherichia coli,benzalkonium_chloride,100
Global,2024.0,Escherichia coli,benzalkonium_chloride,100
Global,2024.0,Escherichia coli,benzalkonium_chloride,100
Global,2024.0,Escherichia coli,benzalkonium_chloride,100
Global,2024.0,Escherichia coli,benzalkonium_chloride,100
Global,2024.0,Escherichia coli,benzalkonium_chloride,100
Global,2024.0,Escherichia coli,benzalkonium_chloride,100
Global,2024.0,Escherichia coli,benzalkonium_chloride,0
Global,2024.0,Escherichia coli,benzalkonium_chloride,100
Global,2024.0,Escherichia coli,benzalkonium_chloride,100
Global,2024.0,Escherichia coli,benzalkonium_chloride,100
Global,2024.0,Escherichia coli,benzalkonium_chloride,100
Global,2024.0,Escherichia coli,benzalkonium_chloride,100
Global,2024.0,Escherichia coli,benzalkonium_chloride,100
Global,2024.0,Escherichia coli,benzalkonium_chloride,100
Global,2024.0,Escherichia coli,benzalkonium_chloride,100
Global,2024.0,Escherichia coli,benzalkonium_chloride,100
Global,2024.0,Escherichia coli,benzalkonium_chloride,100
Global,2024.0,Escherichia coli,benzalkonium_chloride,100
Global,2024.0,Escherichia coli,benzalkonium_chloride,100
Global,2024.0,Escherichia coli,benzalkonium_chloride,100
Global,2024.0,,benzalkonium_chloride,100
Global,2024.0,Escherichia coli,benzalkonium_chloride,100
Global,2024.0,Escherichia coli,benzalkonium_chloride,100
Global,2024.0,Escherichia coli,benzalkonium_chloride,100
Global,2024.0,Escherichia coli,benzalkonium_chloride,100
Global,2024.0,Escherichia coli,benzalkonium_chloride,100
Global,2024.0,Escherichia coli,benzalkonium_chloride,100
Global,2024.0,Escherichia coli,benzalkonium_chloride,100
Global,2024.0,Escherichia coli,benzalkonium_chloride,100
Global,2024.0,Escherichia coli,benzalkonium_chloride,100
Global,2024.0,Escherichia coli,benzalkonium_chloride,100
Global,2024.0,Escherichia coli,carbapenem,100
Global,2024.0,Escherichia coli,carbapenem,100
Global,2024.0,Escherichia coli,carbapenem,100
Global,2024.0,Escherichia coli,carbapenem,100
Global,2024.0,Escherichia coli,carbapenem,100
Global,2024.0,Escherichia coli,carbapenem,100
Global,2024.0,Escherichia coli,carbapenem,100
Global,2024.0,Escherichia coli,carbapenem,100
Global,2024.0,Escherichia coli,carbapenem,100
Global,2024.0,Escherichia coli,carbapenem,100
Global,2024.0,Escherichia coli,carbapenem,100
Global,2024.0,Escherichia coli,carbapenem,100
Global,2024.0,Escherichia coli,carbapenem,100
Global,2024.0,Escherichia coli,carbapenem,100
Global,2024.0,Escherichia coli,carbapenem,100
Global,2024.0,Escherichia coli,carbapenem,100
Global,2024.0,Escherichia coli,carbapenem,100
Global,2024.0,Escherichia coli,carbapenem,100
Global,2024.0,Escherichia coli,carbapenem,100
Global,2024.0,Escherichia coli,carbapenem,100
Global,2024.0,Escherichia coli,carbapenem,100
Global,2024.0,Escherichia coli,carbapenem,100
Global,2024.0,Escherichia coli,carbapenem,100
Global,2024.0,Escherichia coli,carbapenem,100
Global,2024.0,Escherichia coli,carbapenem,100
Global,2024.0,Escherichia coli,carbapenem,100
Global,2024.0,Escherichia coli,carbapenem,100
Global,2024.0,Escherichia coli,carbapenem,100
Global,2024.0,Escherichia coli,carbapenem,100
Global,2024.0,Escherichia coli,carbapenem,100
Global,2024.0,Escherichia coli,carbapenem,100
Global,2024.0,Escherichia coli,carbapenem,100
Global,2024.0,Escherichia coli,carbapenem,100
Global,2024.0,Escherichia coli,carbapenem,100
Global,2024.0,Escherichia coli,carbapenem,100
Global,2024.0,Escherichia coli,carbapenem,100
Global,2024.0,Escherichia coli,carbapenem,100
Global,2024.0,Escherichia coli,carbapenem,100
Global,2024.0,Escherichia coli,carbapenem,100
Global,2024.0,,carbapenem,100
Global,2024.0,Escherichia coli,carbapenem,100
Global,2024.0,Escherichia coli,carbapenem,100
Global,2024.0,Escherichia coli,carbapenem,100
Global,2024.0,Escherichia coli,carbapenem,100
Global,2024.0,Escherichia coli,carbapenem,100
Global,2024.0,Escherichia coli,carbapenem,100
Global,2024.0,Escherichia coli,carbapenem,100
Global,2024.0,Escherichia coli,carbapenem,100
Global,2024.0,Escherichia coli,carbapenem,100
Global,2024.0,Escherichia coli,carbapenem,100
Global,2024.0,Escherichia coli,cephalosporin,100
Global,2024.0,Escherichia coli,cephalosporin,100
Global,2024.0,Escherichia coli,cephalosporin,100
Global,2024.0,Escherichia coli,cephalosporin,100
Global,2024.0,Escherichia coli,cephalosporin,100
Global,2024.0,Escherichia coli,cephalosporin,100
Global,2024.0,Escherichia coli,cephalosporin,100
Global,2024.0,Escherichia coli,cephalosporin,100
Global,2024.0,Escherichia coli,cephalosporin,100
Global,2024.0,Escherichia coli,cephalosporin,100
Global,2024.0,Escherichia coli,cephalosporin,100
Global,2024.0,Escherichia coli,cephalosporin,100
Global,2024.0,Escherichia coli,cephalosporin,100
Global,2024.0,Escherichia coli,cephalosporin,100
Global,2024.0,Escherichia coli,cephalosporin,100
Global,2024.0,Escherichia coli,cephalosporin,100
Global,2024.0,Escherichia coli,cephalosporin,100
Global,2024.0,Escherichia coli,cephalosporin,100
Global,2024.0,Escherichia coli,cephalosporin,100
Global,2024.0,Escherichia coli,cephalosporin,100
Global,2024.0,Escherichia coli,cephalosporin,100
Global,2024.0,Escherichia coli,cephalosporin,100
Global,2024.0,Escherichia coli,cephalosporin,100
Global,2024.0,Escherichia coli,cephalosporin,100
Global,2024.0,Escherichia coli,cephalosporin,100
Global,2024.0,Escherichia coli,cephalosporin,100
Global,2024.0,Escherichia coli,cephalosporin,100
Global,2024.0,Escherichia coli,cephalosporin,100
Global,2024.0,Escherichia coli,cephalosporin,100
Global,2024.0,Escherichia coli,cephalosporin,100
Global,2024.0,Escherichia coli,cephalosporin,100
Global,2024.0,Escherichia coli,cephalosporin,100
Global,2024.0,Escherichia coli,cephalosporin,100
Global,2024.0,Escherichia coli,cephalosporin,100
Global,2024.0,Escherichia coli,cephalosporin,100
Global,2024.0,Escherichia coli,cephalosporin,100
Global,2024.0,Escherichia coli,cephalosporin,100
Global,2024.0,Escherichia coli,cephalosporin,100
Global,2024.0,Escherichia coli,cephalosporin,100
Global,2024.0,,cephalosporin,100
Global,2024.0,Escherichia coli,cephalosporin,100
Global,2024.0,Escherichia coli,cephalosporin,100
Global,2024.0,Escherichia coli,cephalosporin,100
Global,2024.0,Escherichia coli,cephalosporin,100
Global,2024.0,Escherichia coli,cephalosporin,100
Global,2024.0,Escherichia coli,cephalosporin,100
Global,2024.0,Escherichia coli,cephalosporin,100
Global,2024.0,Escherichia coli,cephalosporin,100
Global,2024.0,Escherichia coli,cephalosporin,100
Global,2024.0,Escherichia coli,cephalosporin,100
Global,2024.0,Escherichia coli,cephamycin,100
Global,2024.0,Escherichia coli,cephamycin,100
Global,2024.0,Escherichia coli,cephamycin,100
Global,2024.0,Escherichia coli,cephamycin,100
Global,2024.0,Escherichia coli,cephamycin,100
Global,2024.0,Escherichia coli,cephamycin,100
Global,2024.0,Escherichia coli,cephamycin,100
Global,2024.0,Escherichia coli,cephamycin,100
Global,2024.0,Escherichia coli,cephamycin,100
Global,2024.0,Escherichia coli,cephamycin,100
Global,2024.0,Escherichia coli,cephamycin,100
Global,2024.0,Escherichia coli,cephamycin,100
Global,2024.0,Escherichia coli,cephamycin,100
Global,2024.0,Escherichia coli,cephamycin,100
Global,2024.0,Escherichia coli,cephamycin,100
Global,2024.0,Escherichia coli,cephamycin,100
Global,2024.0,Escherichia coli,cephamycin,100
Global,2024.0,Escherichia coli,cephamycin,100
Global,2024.0,Escherichia coli,cephamycin,100
Global,2024.0,Escherichia coli,cephamycin,100
Global,2024.0,Escherichia coli,cephamycin,100
Global,2024.0,Escherichia coli,cephamycin,100
Global,2024.0,Escherichia coli,cephamycin,100
Global,2024.0,Escherichia coli,cephamycin,100
Global,2024.0,Escherichia coli,cephamycin,100
Global,2024.0,Escherichia coli,cephamycin,100
Global,2024.0,Escherichia coli,cephamycin,100
Global,2024.0,Escherichia coli,cephamycin,100
Global,2024.0,Escherichia coli,cephamycin,100
Global,2024.0,Escherichia coli,cephamycin,100
Global,2024.0,Escherichia coli,cephamycin,100
Global,2024.0,Escherichia coli,cephamycin,100
Global,2024.0,Escherichia coli,cephamycin,100
Global,2024.0,Escherichia coli,cephamycin,100
Global,2024.0,Escherichia coli,cephamycin,100
Global,2024.0,Escherichia coli,cephamycin,100
Global,2024.0,Escherichia coli,cephamycin,100
Global,2024.0,Escherichia coli,cephamycin,100
Global,2024.0,Escherichia coli,cephamycin,100
Global,2024.0,,cephamycin,100
Global,2024.0,Escherichia coli,cephamycin,100
Global,2024.0,Escherichia coli,cephamycin,100
Global,2024.0,Escherichia coli,cephamycin,100
Global,2024.0,Escherichia coli,cephamycin,100
Global,2024.0,Escherichia coli,cephamycin,100
Global,2024.0,Escherichia coli,cephamycin,100
Global,2024.0,Escherichia coli,cephamycin,100
Global,2024.0,Escherichia coli,cephamycin,100
Global,2024.0,Escherichia coli,cephamycin,100
Global,2024.0,Escherichia coli,cephamycin,100
Global,2024.0,Escherichia coli,diaminopyrimidine,0
Global,2024.0,Escherichia coli,diaminopyrimidine,0
Global,2024.0,Escherichia coli,diaminopyrimidine,100
Global,2024.0,Escherichia coli,diaminopyrimidine,0
Global,2024.0,Escherichia coli,diaminopyrimidine,0
Global,2024.0,Escherichia coli,diaminopyrimidine,0
Global,2024.0,Escherichia coli,diaminopyrimidine,0
Global,2024.0,Escherichia coli,diaminopyrimidine,0
Global,2024.0,Escherichia coli,diaminopyrimidine,0
Global,2024.0,Escherichia coli,diaminopyrimidine,0
Global,2024.0,Escherichia coli,diaminopyrimidine,0
Global,2024.0,Escherichia coli,diaminopyrimidine,0
Global,2024.0,Escherichia coli,diaminopyrimidine,0
Global,2024.0,Escherichia coli,diaminopyrimidine,0
Global,2024.0,Escherichia coli,diaminopyrimidine,0
Global,2024.0,Escherichia coli,diaminopyrimidine,0
Global,2024.0,Escherichia coli,diaminopyrimidine,0
Global,2024.0,Escherichia coli,diaminopyrimidine,0
Global,2024.0,Escherichia coli,diaminopyrimidine,0
Global,2024.0,Escherichia coli,diaminopyrimidine,0
Global,2024.0,Escherichia coli,diaminopyrimidine,0
Global,2024.0,Escherichia coli,diaminopyrimidine,0
Global,2024.0,Escherichia coli,diaminopyrimidine,0
Global,2024.0,Escherichia coli,diaminopyrimidine,0
Global,2024.0,Escherichia coli,diaminopyrimidine,0
Global,2024.0,Escherichia coli,diaminopyrimidine,0
Global,2024.0,Escherichia coli,diaminopyrimidine,0
Global,2024.0,Escherichia coli,diaminopyrimidine,0
Global,2024.0,Escherichia coli,diaminopyrimidine,0
Global,2024.0,Escherichia coli,diaminopyrimidine,0
Global,2024.0,Escherichia coli,diaminopyrimidine,0
Global,2024.0,Escherichia coli,diaminopyrimidine,0
Global,2024.0,Escherichia coli,diaminopyrimidine,0
Global,2024.0,Escherichia coli,diaminopyrimidine,0
Global,2024.0,Escherichia coli,diaminopyrimidine,0
Global,2024.0,Escherichia coli,diaminopyrimidine,0
Global,2024.0,Escherichia coli,diaminopyrimidine,0
Global,2024.0,Escherichia coli,diaminopyrimidine,0
Global,2024.0,Escherichia coli,diaminopyrimidine,0
Global,2024.0,,diaminopyrimidine,0
Global,2024.0,Escherichia coli,diaminopyrimidine,0
Global,2024.0,Escherichia coli,diaminopyrimidine,0
Global,2024.0,Escherichia coli,diaminopyrimidine,0
Global,2024.0,Escherichia coli,diaminopyrimidine,0
Global,2024.0,Escherichia coli,diaminopyrimidine,0
Global,2024.0,Escherichia coli,diaminopyrimidine,0
Global,2024.0,Escherichia coli,diaminopyrimidine,0
Global,2024.0,Escherichia coli,diaminopyrimidine,0
Global,2024.0,Escherichia coli,diaminopyrimidine,0
Global,2024.0,Escherichia coli,diaminopyrimidine,0
Global,2024.0,Escherichia coli,fluoroquinolone,100
Global,2024.0,Escherichia coli,fluoroquinolone,100
Global,2024.0,Escherichia coli,fluoroquinolone,100
Global,2024.0,Escherichia coli,fluoroquinolone,100
Global,2024.0,Escherichia coli,fluoroquinolone,100
Global,2024.0,Escherichia coli,fluoroquinolone,100
Global,2024.0,Escherichia coli,fluoroquinolone,100
Global,2024.0,Escherichia coli,fluoroquinolone,100
Global,2024.0,Escherichia coli,fluoroquinolone,100
Global,2024.0,Escherichia coli,fluoroquinolone,100
Global,2024.0,Escherichia coli,fluoroquinolone,100
Global,2024.0,Escherichia coli,fluoroquinolone,100
Global,2024.0,Escherichia coli,fluoroquinolone,100
Global,2024.0,Escherichia coli,fluoroquinolone,100
Global,2024.0,Escherichia coli,fluoroquinolone,100
Global,2024.0,Escherichia coli,fluoroquinolone,100
Global,2024.0,Escherichia coli,fluoroquinolone,100
Global,2024.0,Escherichia coli,fluoroquinolone,100
Global,2024.0,Escherichia coli,fluoroquinolone,100
Global,2024.0,Escherichia coli,fluoroquinolone,100
Global,2024.0,Escherichia coli,fluoroquinolone,100
Global,2024.0,Escherichia coli,fluoroquinolone,100
Global,2024.0,Escherichia coli,fluoroquinolone,100
Global,2024.0,Escherichia coli,fluoroquinolone,100
Global,2024.0,Escherichia coli,fluoroquinolone,100
Global,2024.0,Escherichia coli,fluoroquinolone,100
Global,2024.0,Escherichia coli,fluoroquinolone,100
Global,2024.0,Escherichia coli,fluoroquinolone,100
Global,2024.0,Escherichia coli,fluoroquinolone,100
Global,2024.0,Escherichia coli,fluoroquinolone,100
Global,2024.0,Escherichia coli,fluoroquinolone,100
Global,2024.0,Escherichia coli,fluoroquinolone,100
Global,2024.0,Escherichia coli,fluoroquinolone,100
Global,2024.0,Escherichia coli,fluoroquinolone,100
Global,2024.0,Escherichia coli,fluoroquinolone,100
Global,2024.0,Escherichia coli,fluoroquinolone,100
Global,2024.0,Escherichia coli,fluoroquinolone,100
Global,2024.0,Escherichia coli,fluoroquinolone,100
Global,2024.0,Escherichia coli,fluoroquinolone,100
Global,2024.0,,fluoroquinolone,100
Global,2024.0,Escherichia coli,fluoroquinolone,100
Global,2024.0,Escherichia coli,fluoroquinolone,100
Global,2024.0,Escherichia coli,fluoroquinolone,100
Global,2024.0,Escherichia coli,fluoroquinolone,100
Global,2024.0,Escherichia coli,fluoroquinolone,100
Global,2024.0,Escherichia coli,fluoroquinolone,100
Global,2024.0,Escherichia coli,fluoroquinolone,100
Global,2024.0,Escherichia coli,fluoroquinolone,100
Global,2024.0,Escherichia coli,fluoroquinolone,100
Global,2024.0,Escherichia coli,fluoroquinolone,100
Global,2024.0,Escherichia coli,fosfomycin,100
Global,2024.0,Escherichia coli,fosfomycin,100
Global,2024.0,Escherichia coli,fosfomycin,100
Global,2024.0,Escherichia coli,fosfomycin,100
Global,2024.0,Escherichia coli,fosfomycin,100
Global,2024.0,Escherichia coli,fosfomycin,100
Global,2024.0,Escherichia coli,fosfomycin,100
Global,2024.0,Escherichia coli,fosfomycin,100
Global,2024.0,Escherichia coli,fosfomycin,100
Global,2024.0,Escherichia coli,fosfomycin,100
Global,2024.0,Escherichia coli,fosfomycin,100
Global,2024.0,Escherichia coli,fosfomycin,100
Global,2024.0,Escherichia coli,fosfomycin,100
Global,2024.0,Escherichia coli,fosfomycin,100
Global,2024.0,Escherichia coli,fosfomycin,100
Global,2024.0,Escherichia coli,fosfomycin,100
Global,2024.0,Escherichia coli,fosfomycin,100
Global,2024.0,Escherichia coli,fosfomycin,100
Global,2024.0,Escherichia coli,fosfomycin,100
Global,2024.0,Escherichia coli,fosfomycin,100
Global,2024.0,Escherichia coli,fosfomycin,100
Global,2024.0,Escherichia coli,fosfomycin,100
Global,2024.0,Escherichia coli,fosfomycin,100
Global,2024.0,Escherichia coli,fosfomycin,100
Global,2024.0,Escherichia coli,fosfomycin,100
Global,2024.0,Escherichia coli,fosfomycin,100
Global,2024.0,Escherichia coli,fosfomycin,100
Global,2024.0,Escherichia coli,fosfomycin,100
Global,2024.0,Escherichia coli,fosfomycin,100
Global,2024.0,Escherichia coli,fosfomycin,100
Global,2024.0,Escherichia coli,fosfomycin,100
Global,2024.0,Escherichia coli,fosfomycin,100
Global,2024.0,Escherichia coli,fosfomycin,100
Global,2024.0,Escherichia coli,fosfomycin,100
Global,2024.0,Escherichia coli,fosfomycin,100
Global,2024.0,Escherichia coli,fosfomycin,100
Global,2024.0,Escherichia coli,fosfomycin,100
Global,2024.0,Escherichia coli,fosfomycin,100
Global,2024.0,Escherichia coli,fosfomycin,100
Global,2024.0,,fosfomycin,100
Global,2024.0,Escherichia coli,fosfomycin,100
Global,2024.0,Escherichia coli,fosfomycin,100
Global,2024.0,Escherichia coli,fosfomycin,100
Global,2024.0,Escherichia coli,fosfomycin,100
Global,2024.0,Escherichia coli,fosfomycin,100
Global,2024.0,Escherichia coli,fosfomycin,100
Global,2024.0,Escherichia coli,fosfomycin,100
Global,2024.0,Escherichia coli,fosfomycin,100
Global,2024.0,Escherichia coli,fosfomycin,100
Global,2024.0,Escherichia coli,fosfomycin,100
Global,2024.0,Escherichia coli,glycylcycline,100
Global,2024.0,Escherichia coli,glycylcycline,100
Global,2024.0,Escherichia coli,glycylcycline,100
Global,2024.0,Escherichia coli,glycylcycline,100
Global,2024.0,Escherichia coli,glycylcycline,100
Global,2024.0,Escherichia coli,glycylcycline,100
Global,2024.0,Escherichia coli,glycylcycline,100
Global,2024.0,Escherichia coli,glycylcycline,100
Global,2024.0,Escherichia coli,glycylcycline,100
Global,2024.0,Escherichia coli,glycylcycline,100
Global,2024.0,Escherichia coli,glycylcycline,100
Global,2024.0,Escherichia coli,glycylcycline,100
Global,2024.0,Escherichia coli,glycylcycline,100
Global,2024.0,Escherichia coli,glycylcycline,100
Global,2024.0,Escherichia coli,glycylcycline,100
Global,2024.0,Escherichia coli,glycylcycline,100
Global,2024.0,Escherichia coli,glycylcycline,100
Global,2024.0,Escherichia coli,glycylcycline,100
Global,2024.0,Escherichia coli,glycylcycline,100
Global,2024.0,Escherichia coli,glycylcycline,100
Global,2024.0,Escherichia coli,glycylcycline,100
Global,2024.0,Escherichia coli,glycylcycline,100
Global,2024.0,Escherichia coli,glycylcycline,100
Global,2024.0,Escherichia coli,glycylcycline,100
Global,2024.0,Escherichia coli,glycylcycline,100
Global,2024.0,Escherichia coli,glycylcycline,100
Global,2024.0,Escherichia coli,glycylcycline,100
Global,2024.0,Escherichia coli,glycylcycline,100
Global,2024.0,Escherichia coli,glycylcycline,100
Global,2024.0,Escherichia coli,glycylcycline,100
Global,2024.0,Escherichia coli,glycylcycline,100
Global,2024.0,Escherichia coli,glycylcycline,100
Global,2024.0,Escherichia coli,glycylcycline,100
Global,2024.0,Escherichia coli,glycylcycline,100
Global,2024.0,Escherichia coli,glycylcycline,100
Global,2024.0,Escherichia coli,glycylcycline,100
Global,2024.0,Escherichia coli,glycylcycline,100
Global,2024.0,Escherichia coli,glycylcycline,100
Global,2024.0,Escherichia coli,glycylcycline,100
Global,2024.0,,glycylcycline,100
Global,2024.0,Escherichia coli,glycylcycline,100
Global,2024.0,Escherichia coli,glycylcycline,100
Global,2024.0,Escherichia coli,glycylcycline,100
Global,2024.0,Escherichia coli,glycylcycline,100
Global,2024.0,Escherichia coli,glycylcycline,100
Global,2024.0,Escherichia coli,glycylcycline,100
Global,2024.0,Escherichia coli,glycylcycline,100
Global,2024.0,Escherichia coli,glycylcycline,100
Global,2024.0,Escherichia coli,glycylcycline,100
Global,2024.0,Escherichia coli,glycylcycline,100
Global,2024.0,Escherichia coli,lincosamide,100
Global,2024.0,Escherichia coli,lincosamide,100
Global,2024.0,Escherichia coli,lincosamide,100
Global,2024.0,Escherichia coli,lincosamide,100
Global,2024.0,Escherichia coli,lincosamide,100
Global,2024.0,Escherichia coli,lincosamide,100
Global,2024.0,Escherichia coli,lincosamide,100
Global,2024.0,Escherichia coli,lincosamide,100
Global,2024.0,Escherichia coli,lincosamide,100
Global,2024.0,Escherichia coli,lincosamide,100
Global,2024.0,Escherichia coli,lincosamide,100
Global,2024.0,Escherichia coli,lincosamide,100
Global,2024.0,Escherichia coli,lincosamide,100
Global,2024.0,Escherichia coli,lincosamide,100
Global,2024.0,Escherichia coli,lincosamide,100
Global,2024.0,Escherichia coli,lincosamide,100
Global,2024.0,Escherichia coli,lincosamide,100
Global,2024.0,Escherichia coli,lincosamide,100
Global,2024.0,Escherichia coli,lincosamide,100
Global,2024.0,Escherichia coli,lincosamide,100
Global,2024.0,Escherichia coli,lincosamide,100
Global,2024.0,Escherichia coli,lincosamide,100
Global,2024.0,Escherichia coli,lincosamide,100
Global,2024.0,Escherichia coli,lincosamide,0
Global,2024.0,Escherichia coli,lincosamide,100
Global,2024.0,Escherichia coli,lincosamide,100
Global,2024.0,Escherichia coli,lincosamide,100
Global,2024.0,Escherichia coli,lincosamide,100
Global,2024.0,Escherichia coli,lincosamide,100
Global,2024.0,Escherichia coli,lincosamide,100
Global,2024.0,Escherichia coli,lincosamide,100
Global,2024.0,Escherichia coli,lincosamide,100
Global,2024.0,Escherichia coli,lincosamide,100
Global,2024.0,Escherichia coli,lincosamide,100
Global,2024.0,Escherichia coli,lincosamide,100
Global,2024.0,Escherichia coli,lincosamide,100
Global,2024.0,Escherichia coli,lincosamide,100
Global,2024.0,Escherichia coli,lincosamide,100
Global,2024.0,Escherichia coli,lincosamide,100
Global,2024.0,,lincosamide,100
Global,2024.0,Escherichia coli,lincosamide,100
Global,2024.0,Escherichia coli,lincosamide,100
Global,2024.0,Escherichia coli,lincosamide,100
Global,2024.0,Escherichia coli,lincosamide,100
Global,2024.0,Escherichia coli,lincosamide,100
Global,2024.0,Escherichia coli,lincosamide,100
Global,2024.0,Escherichia coli,lincosamide,100
Global,2024.0,Escherichia coli,lincosamide,100
Global,2024.0,Escherichia coli,lincosamide,100
Global,2024.0,Escherichia coli,lincosamide,100
Global,2024.0,Escherichia coli,macrolide,100
Global,2024.0,Escherichia coli,macrolide,100
Global,2024.0,Escherichia coli,macrolide,100
Global,2024.0,Escherichia coli,macrolide,100
Global,2024.0,Escherichia coli,macrolide,100
Global,2024.0,Escherichia coli,macrolide,100
Global,2024.0,Escherichia coli,macrolide,100
Global,2024.0,Escherichia coli,macrolide,100
Global,2024.0,Escherichia coli,macrolide,100
Global,2024.0,Escherichia coli,macrolide,100
Global,2024.0,Escherichia coli,macrolide,100
Global,2024.0,Escherichia coli,macrolide,100
Global,2024.0,Escherichia coli,macrolide,100
Global,2024.0,Escherichia coli,macrolide,100
Global,2024.0,Escherichia coli,macrolide,100
Global,2024.0,Escherichia coli,macrolide,100
Global,2024.0,Escherichia coli,macrolide,100
Global,2024.0,Escherichia coli,macrolide,100
Global,2024.0,Escherichia coli,macrolide,100
Global,2024.0,Escherichia coli,macrolide,100
Global,2024.0,Escherichia coli,macrolide,100
Global,2024.0,Escherichia coli,macrolide,100
Global,2024.0,Escherichia coli,macrolide,100
Global,2024.0,Escherichia coli,macrolide,100
Global,2024.0,Escherichia coli,macrolide,100
Global,2024.0,Escherichia coli,macrolide,100
Global,2024.0,Escherichia coli,macrolide,100
Global,2024.0,Escherichia coli,macrolide,100
Global,2024.0,Escherichia coli,macrolide,100
Global,2024.0,Escherichia coli,macrolide,100
Global,2024.0,Escherichia coli,macrolide,100
Global,2024.0,Escherichia coli,macrolide,100
Global,2024.0,Escherichia coli,macrolide,100
Global,2024.0,Escherichia coli,macrolide,100
Global,2024.0,Escherichia coli,macrolide,100
Global,2024.0,Escherichia coli,macrolide,100
Global,2024.0,Escherichia coli,macrolide,100
Global,2024.0,Escherichia coli,macrolide,100
Global,2024.0,Escherichia coli,macrolide,100
Global,2024.0,,macrolide,100
Global,2024.0,Escherichia coli,macrolide,100
Global,2024.0,Escherichia coli,macrolide,100
Global,2024.0,Escherichia coli,macrolide,100
Global,2024.0,Escherichia coli,macrolide,100
Global,2024.0,Escherichia coli,macrolide,100
Global,2024.0,Escherichia coli,macrolide,100
Global,2024.0,Escherichia coli,macrolide,100
Global,2024.0,Escherichia coli,macrolide,100
Global,2024.0,Escherichia coli,macrolide,100
Global,2024.0,Escherichia coli,macrolide,100
Global,2024.0,Escherichia coli,monobactam,100
Global,2024.0,Escherichia coli,monobactam,100
Global,2024.0,Escherichia coli,monobactam,100
Global,2024.0,Escherichia coli,monobactam,100
Global,2024.0,Escherichia coli,monobactam,100
Global,2024.0,Escherichia coli,monobactam,100
Global,2024.0,Escherichia coli,monobactam,100
Global,2024.0,Escherichia coli,monobactam,100
Global,2024.0,Escherichia coli,monobactam,100
Global,2024.0,Escherichia coli,monobactam,100
Global,2024.0,Escherichia coli,monobactam,100
Global,2024.0,Escherichia coli,monobactam,100
Global,2024.0,Escherichia coli,monobactam,100
Global,2024.0,Escherichia coli,monobactam,100
Global,2024.0,Escherichia coli,monobactam,100
Global,2024.0,Escherichia coli,monobactam,100
Global,2024.0,Escherichia coli,monobactam,100
Global,2024.0,Escherichia coli,monobactam,100
Global,2024.0,Escherichia coli,monobactam,100
Global,2024.0,Escherichia coli,monobactam,100
Global,2024.0,Escherichia coli,monobactam,100
Global,2024.0,Escherichia coli,monobactam,100
Global,2024.0,Escherichia coli,monobactam,100
Global,2024.0,Escherichia coli,monobactam,100
Global,2024.0,Escherichia coli,monobactam,100
Global,2024.0,Escherichia coli,monobactam,100
Global,2024.0,Escherichia coli,monobactam,100
Global,2024.0,Escherichia coli,monobactam,100
Global,2024.0,Escherichia coli,monobactam,100
Global,2024.0,Escherichia coli,monobactam,100
Global,2024.0,Escherichia coli,monobactam,100
Global,2024.0,Escherichia coli,monobactam,100
Global,2024.0,Escherichia coli,monobactam,100
Global,2024.0,Escherichia coli,monobactam,100
Global,2024.0,Escherichia coli,monobactam,100
Global,2024.0,Escherichia coli,monobactam,100
Global,2024.0,Escherichia coli,monobactam,100
Global,2024.0,Escherichia coli,monobactam,100
Global,2024.0,Escherichia coli,monobactam,100
Global,2024.0,,monobactam,100
Global,2024.0,Escherichia coli,monobactam,100
Global,2024.0,Escherichia coli,monobactam,100
Global,2024.0,Escherichia coli,monobactam,100
Global,2024.0,Escherichia coli,monobactam,100
Global,2024.0,Escherichia coli,monobactam,100
Global,2024.0,Escherichia coli,monobactam,100
Global,2024.0,Escherichia coli,monobactam,100
Global,2024.0,Escherichia coli,monobactam,100
Global,2024.0,Escherichia coli,monobactam,100
Global,2024.0,Escherichia coli,monobactam,100
Global,2024.0,Escherichia coli,nitroimidazole,100
Global,2024.0,Escherichia coli,nitroimidazole,100
Global,2024.0,Escherichia coli,nitroimidazole,100
Global,2024.0,Escherichia coli,nitroimidazole,100
Global,2024.0,Escherichia coli,nitroimidazole,100
Global,2024.0,Escherichia coli,nitroimidazole,100
Global,2024.0,Escherichia coli,nitroimidazole,100
Global,2024.0,Escherichia coli,nitroimidazole,100
Global,2024.0,Escherichia coli,nitroimidazole,100
Global,2024.0,Escherichia coli,nitroimidazole,100
Global,2024.0,Escherichia coli,nitroimidazole,100
Global,2024.0,Escherichia coli,nitroimidazole,100
Global,2024.0,Escherichia coli,nitroimidazole,100
Global,2024.0,Escherichia coli,nitroimidazole,100
Global,2024.0,Escherichia coli,nitroimidazole,100
Global,2024.0,Escherichia coli,nitroimidazole,100
Global,2024.0,Escherichia coli,nitroimidazole,100
Global,2024.0,Escherichia coli,nitroimidazole,100
Global,2024.0,Escherichia coli,nitroimidazole,100
Global,2024.0,Escherichia coli,nitroimidazole,100
Global,2024.0,Escherichia coli,nitroimidazole,100
Global,2024.0,Escherichia coli,nitroimidazole,100
Global,2024.0,Escherichia coli,nitroimidazole,100
Global,2024.0,Escherichia coli,nitroimidazole,100
Global,2024.0,Escherichia coli,nitroimidazole,100
Global,2024.0,Escherichia coli,nitroimidazole,100
Global,2024.0,Escherichia coli,nitroimidazole,100
Global,2024.0,Escherichia coli,nitroimidazole,100
Global,2024.0,Escherichia coli,nitroimidazole,100
Global,2024.0,Escherichia coli,nitroimidazole,100
Global,2024.0,Escherichia coli,nitroimidazole,100
Global,2024.0,Escherichia coli,nitroimidazole,100
Global,2024.0,Escherichia coli,nitroimidazole,100
Global,2024.0,Escherichia coli,nitroimidazole,100
Global,2024.0,Escherichia coli,nitroimidazole,100
Global,2024.0,Escherichia coli,nitroimidazole,100
Global,2024.0,Escherichia coli,nitroimidazole,100
Global,2024.0,Escherichia coli,nitroimidazole,100
Global,2024.0,Escherichia coli,nitroimidazole,100
Global,2024.0,,nitroimidazole,100
Global,2024.0,Escherichia coli,nitroimidazole,100
Global,2024.0,Escherichia coli,nitroimidazole,100
Global,2024.0,Escherichia coli,nitroimidazole,100
Global,2024.0,Escherichia coli,nitroimidazole,100
Global,2024.0,Escherichia coli,nitroimidazole,100
Global,2024.0,Escherichia coli,nitroimidazole,100
Global,2024.0,Escherichia coli,nitroimidazole,100
Global,2024.0,Escherichia coli,nitroimidazole,100
Global,2024.0,Escherichia coli,nitroimidazole,100
Global,2024.0,Escherichia coli,nitroimidazole,100
Global,2024.0,Escherichia coli,nucleoside,100
Global,2024.0,Escherichia coli,nucleoside,100
Global,2024.0,Escherichia coli,nucleoside,100
Global,2024.0,Escherichia coli,nucleoside,100
Global,2024.0,Escherichia coli,nucleoside,100
Global,2024.0,Escherichia coli,nucleoside,100
Global,2024.0,Escherichia coli,nucleoside,100
Global,2024.0,Escherichia coli,nucleoside,100
Global,2024.0,Escherichia coli,nucleoside,100
Global,2024.0,Escherichia coli,nucleoside,100
Global,2024.0,Escherichia coli,nucleoside,100
Global,2024.0,Escherichia coli,nucleoside,100
Global,2024.0,Escherichia coli,nucleoside,100
Global,2024.0,Escherichia coli,nucleoside,100
Global,2024.0,Escherichia coli,nucleoside,100
Global,2024.0,Escherichia coli,nucleoside,100
Global,2024.0,Escherichia coli,nucleoside,100
Global,2024.0,Escherichia coli,nucleoside,100
Global,2024.0,Escherichia coli,nucleoside,100
Global,2024.0,Escherichia coli,nucleoside,100
Global,2024.0,Escherichia coli,nucleoside,100
Global,2024.0,Escherichia coli,nucleoside,100
Global,2024.0,Escherichia coli,nucleoside,100
Global,2024.0,Escherichia coli,nucleoside,100
Global,2024.0,Escherichia coli,nucleoside,100
Global,2024.0,Escherichia coli,nucleoside,100
Global,2024.0,Escherichia coli,nucleoside,100
Global,2024.0,Escherichia coli,nucleoside,100
Global,2024.0,Escherichia coli,nucleoside,100
Global,2024.0,Escherichia coli,nucleoside,100
Global,2024.0,Escherichia coli,nucleoside,100
Global,2024.0,Escherichia coli,nucleoside,100
Global,2024.0,Escherichia coli,nucleoside,100
Global,2024.0,Escherichia coli,nucleoside,100
Global,2024.0,Escherichia coli,nucleoside,100
Global,2024.0,Escherichia coli,nucleoside,100
Global,2024.0,Escherichia coli,nucleoside,100
Global,2024.0,Escherichia coli,nucleoside,100
Global,2024.0,Escherichia coli,nucleoside,100
Global,2024.0,,nucleoside,100
Global,2024.0,Escherichia coli,nucleoside,100
Global,2024.0,Escherichia coli,nucleoside,100
Global,2024.0,Escherichia coli,nucleoside,100
Global,2024.0,Escherichia coli,nucleoside,100
Global,2024.0,Escherichia coli,nucleoside,100
Global,2024.0,Escherichia coli,nucleoside,100
Global,2024.0,Escherichia coli,nucleoside,100
Global,2024.0,Escherichia coli,nucleoside,100
Global,2024.0,Escherichia coli,nucleoside,100
Global,2024.0,Escherichia coli,nucleoside,100
Global,2024.0,Escherichia coli,penam,100
Global,2024.0,Escherichia coli,penam,100
Global,2024.0,Escherichia coli,penam,100
Global,2024.0,Escherichia coli,penam,100
Global,2024.0,Escherichia coli,penam,100
Global,2024.0,Escherichia coli,penam,100
Global,2024.0,Escherichia coli,penam,100
Global,2024.0,Escherichia coli,penam,100
Global,2024.0,Escherichia coli,penam,100
Global,2024.0,Escherichia coli,penam,100
Global,2024.0,Escherichia coli,penam,100
Global,2024.0,Escherichia coli,penam,100
Global,2024.0,Escherichia coli,penam,100
Global,2024.0,Escherichia coli,penam,100
Global,2024.0,Escherichia coli,penam,100
Global,2024.0,Escherichia coli,penam,100
Global,2024.0,Escherichia coli,penam,100
Global,2024.0,Escherichia coli,penam,100
Global,2024.0,Escherichia coli,penam,100
Global,2024.0,Escherichia coli,penam,100
Global,2024.0,Escherichia coli,penam,100
Global,2024.0,Escherichia coli,penam,100
Global,2024.0,Escherichia coli,penam,100
Global,2024.0,Escherichia coli,penam,100
Global,2024.0,Escherichia coli,penam,100
Global,2024.0,Escherichia coli,penam,100
Global,2024.0,Escherichia coli,penam,100
Global,2024.0,Escherichia coli,penam,100
Global,2024.0,Escherichia coli,penam,100
Global,2024.0,Escherichia coli,penam,100
Global,2024.0,Escherichia coli,penam,100
Global,2024.0,Escherichia coli,penam,100
Global,2024.0,Escherichia coli,penam,100
Global,2024.0,Escherichia coli,penam,100
Global,2024.0,Escherichia coli,penam,100
Global,2024.0,Escherichia coli,penam,100
Global,2024.0,Escherichia coli,penam,100
Global,2024.0,Escherichia coli,penam,100
Global,2024.0,Escherichia coli,penam,100
Global,2024.0,,penam,100
Global,2024.0,Escherichia coli,penam,100
Global,2024.0,Escherichia coli,penam,100
Global,2024.0,Escherichia coli,penam,100
Global,2024.0,Escherichia coli,penam,100
Global,2024.0,Escherichia coli,penam,100
Global,2024.0,Escherichia coli,penam,100
Global,2024.0,Escherichia coli,penam,100
Global,2024.0,Escherichia coli,penam,100
Global,2024.0,Escherichia coli,penam,100
Global,2024.0,Escherichia coli,penam,100
Global,2024.0,Escherichia coli,penem,100
Global,2024.0,Escherichia coli,penem,100
Global,2024.0,Escherichia coli,penem,100
Global,2024.0,Escherichia coli,penem,100
Global,2024.0,Escherichia coli,penem,100
Global,2024.0,Escherichia coli,penem,100
Global,2024.0,Escherichia coli,penem,100
Global,2024.0,Escherichia coli,penem,100
Global,2024.0,Escherichia coli,penem,100
Global,2024.0,Escherichia coli,penem,100
Global,2024.0,Escherichia coli,penem,100
Global,2024.0,Escherichia coli,penem,100
Global,2024.0,Escherichia coli,penem,100
Global,2024.0,Escherichia coli,penem,100
Global,2024.0,Escherichia coli,penem,100
Global,2024.0,Escherichia coli,penem,100
Global,2024.0,Escherichia coli,penem,100
Global,2024.0,Escherichia coli,penem,100
Global,2024.0,Escherichia coli,penem,100
Global,2024.0,Escherichia coli,penem,100
Global,2024.0,Escherichia coli,penem,100
Global,2024.0,Escherichia coli,penem,100
Global,2024.0,Escherichia coli,penem,100
Global,2024.0,Escherichia coli,penem,100
Global,2024.0,Escherichia coli,penem,100
Global,2024.0,Escherichia coli,penem,100
Global,2024.0,Escherichia coli,penem,100
Global,2024.0,Escherichia coli,penem,100
Global,2024.0,Escherichia coli,penem,100
Global,2024.0,Escherichia coli,penem,100
Global,2024.0,Escherichia coli,penem,100
Global,2024.0,Escherichia coli,penem,100
Global,2024.0,Escherichia coli,penem,100
Global,2024.0,Escherichia coli,penem,100
Global,2024.0,Escherichia coli,penem,100
Global,2024.0,Escherichia coli,penem,100
Global,2024.0,Escherichia coli,penem,100
Global,2024.0,Escherichia coli,penem,100
Global,2024.0,Escherichia coli,penem,100
Global,2024.0,,penem,100
Global,2024.0,Escherichia coli,penem,100
Global,2024.0,Escherichia coli,penem,100
Global,2024.0,Escherichia coli,penem,100
Global,2024.0,Escherichia coli,penem,100
Global,2024.0,Escherichia coli,penem,100
Global,2024.0,Escherichia coli,penem,100
Global,2024.0,Escherichia coli,penem,100
Global,2024.0,Escherichia coli,penem,100
Global,2024.0,Escherichia coli,penem,100
Global,2024.0,Escherichia coli,penem,100
Global,2024.0,Escherichia coli,peptide,100
Global,2024.0,Escherichia coli,peptide,100
Global,2024.0,Escherichia coli,peptide,100
Global,2024.0,Escherichia coli,peptide,100
Global,2024.0,Escherichia coli,peptide,100
Global,2024.0,Escherichia coli,peptide,100
Global,2024.0,Escherichia coli,peptide,100
Global,2024.0,Escherichia coli,peptide,100
Global,2024.0,Escherichia coli,peptide,100
Global,2024.0,Escherichia coli,peptide,100
Global,2024.0,Escherichia coli,peptide,100
Global,2024.0,Escherichia coli,peptide,100
Global,2024.0,Escherichia coli,peptide,100
Global,2024.0,Escherichia coli,peptide,100
Global,2024.0,Escherichia coli,peptide,100
Global,2024.0,Escherichia coli,peptide,100
Global,2024.0,Escherichia coli,peptide,100
Global,2024.0,Escherichia coli,peptide,100
Global,2024.0,Escherichia coli,peptide,100
Global,2024.0,Escherichia coli,peptide,100
Global,2024.0,Escherichia coli,peptide,100
Global,2024.0,Escherichia coli,peptide,100
Global,2024.0,Escherichia coli,peptide,100
Global,2024.0,Escherichia coli,peptide,100
Global,2024.0,Escherichia coli,peptide,100
Global,2024.0,Escherichia coli,peptide,100
Global,2024.0,Escherichia coli,peptide,100
Global,2024.0,Escherichia coli,peptide,100
Global,2024.0,Escherichia coli,peptide,100
Global,2024.0,Escherichia coli,peptide,100
Global,2024.0,Escherichia coli,peptide,100
Global,2024.0,Escherichia coli,peptide,100
Global,2024.0,Escherichia coli,peptide,100
Global,2024.0,Escherichia coli,peptide,100
Global,2024.0,Escherichia coli,peptide,100
Global,2024.0,Escherichia coli,peptide,100
Global,2024.0,Escherichia coli,peptide,100
Global,2024.0,Escherichia coli,peptide,100
Global,2024.0,Escherichia coli,peptide,100
Global,2024.0,,peptide,100
Global,2024.0,Escherichia coli,peptide,100
Global,2024.0,Escherichia coli,peptide,100
Global,2024.0,Escherichia coli,peptide,100
Global,2024.0,Escherichia coli,peptide,100
Global,2024.0,Escherichia coli,peptide,100
Global,2024.0,Escherichia coli,peptide,100
Global,2024.0,Escherichia coli,peptide,100
Global,2024.0,Escherichia coli,peptide,100
Global,2024.0,Escherichia coli,peptide,100
Global,2024.0,Escherichia coli,peptide,100
Global,2024.0,Escherichia coli,phenicol,100
Global,2024.0,Escherichia coli,phenicol,100
Global,2024.0,Escherichia coli,phenicol,100
Global,2024.0,Escherichia coli,phenicol,100
Global,2024.0,Escherichia coli,phenicol,100
Global,2024.0,Escherichia coli,phenicol,100
Global,2024.0,Escherichia coli,phenicol,100
Global,2024.0,Escherichia coli,phenicol,100
Global,2024.0,Escherichia coli,phenicol,100
Global,2024.0,Escherichia coli,phenicol,100
Global,2024.0,Escherichia coli,phenicol,100
Global,2024.0,Escherichia coli,phenicol,100
Global,2024.0,Escherichia coli,phenicol,100
Global,2024.0,Escherichia coli,phenicol,100
Global,2024.0,Escherichia coli,phenicol,100
Global,2024.0,Escherichia coli,phenicol,100
Global,2024.0,Escherichia coli,phenicol,100
Global,2024.0,Escherichia coli,phenicol,100
Global,2024.0,Escherichia coli,phenicol,100
Global,2024.0,Escherichia coli,phenicol,100
Global,2024.0,Escherichia coli,phenicol,100
Global,2024.0,Escherichia coli,phenicol,100
Global,2024.0,Escherichia coli,phenicol,100
Global,2024.0,Escherichia coli,phenicol,100
Global,2024.0,Escherichia coli,phenicol,100
Global,2024.0,Escherichia coli,phenicol,100
Global,2024.0,Escherichia coli,phenicol,100
Global,2024.0,Escherichia coli,phenicol,100
Global,2024.0,Escherichia coli,phenicol,100
Global,2024.0,Escherichia coli,phenicol,100
Global,2024.0,Escherichia coli,phenicol,100
Global,2024.0,Escherichia coli,phenicol,100
Global,2024.0,Escherichia coli,phenicol,100
Global,2024.0,Escherichia coli,phenicol,100
Global,2024.0,Escherichia coli,phenicol,100
Global,2024.0,Escherichia coli,phenicol,100
Global,2024.0,Escherichia coli,phenicol,100
Global,2024.0,Escherichia coli,phenicol,100
Global,2024.0,Escherichia coli,phenicol,100
Global,2024.0,,phenicol,100
Global,2024.0,Escherichia coli,phenicol,100
Global,2024.0,Escherichia coli,phenicol,100
Global,2024.0,Escherichia coli,phenicol,100
Global,2024.0,Escherichia coli,phenicol,100
Global,2024.0,Escherichia coli,phenicol,100
Global,2024.0,Escherichia coli,phenicol,100
Global,2024.0,Escherichia coli,phenicol,100
Global,2024.0,Escherichia coli,phenicol,100
Global,2024.0,Escherichia coli,phenicol,100
Global,2024.0,Escherichia coli,phenicol,100
Global,2024.0,Escherichia coli,rhodamine,100
Global,2024.0,Escherichia coli,rhodamine,100
Global,2024.0,Escherichia coli,rhodamine,100
Global,2024.0,Escherichia coli,rhodamine,100
Global,2024.0,Escherichia coli,rhodamine,100
Global,2024.0,Escherichia coli,rhodamine,100
Global,2024.0,Escherichia coli,rhodamine,100
Global,2024.0,Escherichia coli,rhodamine,100
Global,2024.0,Escherichia coli,rhodamine,100
Global,2024.0,Escherichia coli,rhodamine,100
Global,2024.0,Escherichia coli,rhodamine,100
Global,2024.0,Escherichia coli,rhodamine,100
Global,2024.0,Escherichia coli,rhodamine,100
Global,2024.0,Escherichia coli,rhodamine,100
Global,2024.0,Escherichia coli,rhodamine,100
Global,2024.0,Escherichia coli,rhodamine,100
Global,2024.0,Escherichia coli,rhodamine,100
Global,2024.0,Escherichia coli,rhodamine,100
Global,2024.0,Escherichia coli,rhodamine,100
Global,2024.0,Escherichia coli,rhodamine,100
Global,2024.0,Escherichia coli,rhodamine,100
Global,2024.0,Escherichia coli,rhodamine,100
Global,2024.0,Escherichia coli,rhodamine,100
Global,2024.0,Escherichia coli,rhodamine,100
Global,2024.0,Escherichia coli,rhodamine,100
Global,2024.0,Escherichia coli,rhodamine,0
Global,2024.0,Escherichia coli,rhodamine,100
Global,2024.0,Escherichia coli,rhodamine,100
Global,2024.0,Escherichia coli,rhodamine,100
Global,2024.0,Escherichia coli,rhodamine,100
Global,2024.0,Escherichia coli,rhodamine,100
Global,2024.0,Escherichia coli,rhodamine,100
Global,2024.0,Escherichia coli,rhodamine,100
Global,2024.0,Escherichia coli,rhodamine,100
Global,2024.0,Escherichia coli,rhodamine,100
Global,2024.0,Escherichia coli,rhodamine,100
Global,2024.0,Escherichia coli,rhodamine,100
Global,2024.0,Escherichia coli,rhodamine,100
Global,2024.0,Escherichia coli,rhodamine,100
Global,2024.0,,rhodamine,100
Global,2024.0,Escherichia coli,rhodamine,100
Global,2024.0,Escherichia coli,rhodamine,100
Global,2024.0,Escherichia coli,rhodamine,100
Global,2024.0,Escherichia coli,rhodamine,100
Global,2024.0,Escherichia coli,rhodamine,100
Global,2024.0,Escherichia coli,rhodamine,100
Global,2024.0,Escherichia coli,rhodamine,100
Global,2024.0,Escherichia coli,rhodamine,100
Global,2024.0,Escherichia coli,rhodamine,100
Global,2024.0,Escherichia coli,rhodamine,100
Global,2024.0,Escherichia coli,rifamycin,100
Global,2024.0,Escherichia coli,rifamycin,100
Global,2024.0,Escherichia coli,rifamycin,100
Global,2024.0,Escherichia coli,rifamycin,100
Global,2024.0,Escherichia coli,rifamycin,100
Global,2024.0,Escherichia coli,rifamycin,100
Global,2024.0,Escherichia coli,rifamycin,100
Global,2024.0,Escherichia coli,rifamycin,100
Global,2024.0,Escherichia coli,rifamycin,100
Global,2024.0,Escherichia coli,rifamycin,100
Global,2024.0,Escherichia coli,rifamycin,100
Global,2024.0,Escherichia coli,rifamycin,100
Global,2024.0,Escherichia coli,rifamycin,100
Global,2024.0,Escherichia coli,rifamycin,100
Global,2024.0,Escherichia coli,rifamycin,100
Global,2024.0,Escherichia coli,rifamycin,100
Global,2024.0,Escherichia coli,rifamycin,100
Global,2024.0,Escherichia coli,rifamycin,100
Global,2024.0,Escherichia coli,rifamycin,100
Global,2024.0,Escherichia coli,rifamycin,100
Global,2024.0,Escherichia coli,rifamycin,100
Global,2024.0,Escherichia coli,rifamycin,100
Global,2024.0,Escherichia coli,rifamycin,100
Global,2024.0,Escherichia coli,rifamycin,100
Global,2024.0,Escherichia coli,rifamycin,100
Global,2024.0,Escherichia coli,rifamycin,100
Global,2024.0,Escherichia coli,rifamycin,100
Global,2024.0,Escherichia coli,rifamycin,100
Global,2024.0,Escherichia coli,rifamycin,100
Global,2024.0,Escherichia coli,rifamycin,100
Global,2024.0,Escherichia coli,rifamycin,100
Global,2024.0,Escherichia coli,rifamycin,100
Global,2024.0,Escherichia coli,rifamycin,100
Global,2024.0,Escherichia coli,rifamycin,100
Global,2024.0,Escherichia coli,rifamycin,100
Global,2024.0,Escherichia coli,rifamycin,100
Global,2024.0,Escherichia coli,rifamycin,100
Global,2024.0,Escherichia coli,rifamycin,100
Global,2024.0,Escherichia coli,rifamycin,100
Global,2024.0,,rifamycin,100
Global,2024.0,Escherichia coli,rifamycin,100
Global,2024.0,Escherichia coli,rifamycin,100
Global,2024.0,Escherichia coli,rifamycin,100
Global,2024.0,Escherichia coli,rifamycin,100
Global,2024.0,Escherichia coli,rifamycin,100
Global,2024.0,Escherichia coli,rifamycin,100
Global,2024.0,Escherichia coli,rifamycin,100
Global,2024.0,Escherichia coli,rifamycin,100
Global,2024.0,Escherichia coli,rifamycin,100
Global,2024.0,Escherichia coli,rifamycin,100
Global,2024.0,Escherichia coli,sulfonamide,0
Global,2024.0,Escherichia coli,sulfonamide,0
Global,2024.0,Escherichia coli,sulfonamide,100
Global,2024.0,Escherichia coli,sulfonamide,100
Global,2024.0,Escherichia coli,sulfonamide,0
Global,2024.0,Escherichia coli,sulfonamide,0
Global,2024.0,Escherichia coli,sulfonamide,0
Global,2024.0,Escherichia coli,sulfonamide,0
Global,2024.0,Escherichia coli,sulfonamide,0
Global,2024.0,Escherichia coli,sulfonamide,0
Global,2024.0,Escherichia coli,sulfonamide,100
Global,2024.0,Escherichia coli,sulfonamide,100
Global,2024.0,Escherichia coli,sulfonamide,100
Global,2024.0,Escherichia coli,sulfonamide,100
Global,2024.0,Escherichia coli,sulfonamide,100
Global,2024.0,Escherichia coli,sulfonamide,100
Global,2024.0,Escherichia coli,sulfonamide,100
Global,2024.0,Escherichia coli,sulfonamide,100
Global,2024.0,Escherichia coli,sulfonamide,0
Global,2024.0,Escherichia coli,sulfonamide,0
Global,2024.0,Escherichia coli,sulfonamide,0
Global,2024.0,Escherichia coli,sulfonamide,0
Global,2024.0,Escherichia coli,sulfonamide,0
Global,2024.0,Escherichia coli,sulfonamide,0
Global,2024.0,Escherichia coli,sulfonamide,0
Global,2024.0,Escherichia coli,sulfonamide,0
Global,2024.0,Escherichia coli,sulfonamide,0
Global,2024.0,Escherichia coli,sulfonamide,0
Global,2024.0,Escherichia coli,sulfonamide,0
Global,2024.0,Escherichia coli,sulfonamide,0
Global,2024.0,Escherichia coli,sulfonamide,0
Global,2024.0,Escherichia coli,sulfonamide,0
Global,2024.0,Escherichia coli,sulfonamide,0
Global,2024.0,Escherichia coli,sulfonamide,0
Global,2024.0,Escherichia coli,sulfonamide,0
Global,2024.0,Escherichia coli,sulfonamide,0
Global,2024.0,Escherichia coli,sulfonamide,0
Global,2024.0,Escherichia coli,sulfonamide,0
Global,2024.0,Escherichia coli,sulfonamide,0
Global,2024.0,,sulfonamide,0
Global,2024.0,Escherichia coli,sulfonamide,0
Global,2024.0,Escherichia coli,sulfonamide,0
Global,2024.0,Escherichia coli,sulfonamide,0
Global,2024.0,Escherichia coli,sulfonamide,0
Global,2024.0,Escherichia coli,sulfonamide,0
Global,2024.0,Escherichia coli,sulfonamide,100
Global,2024.0,Escherichia coli,sulfonamide,0
Global,2024.0,Escherichia coli,sulfonamide,0
Global,2024.0,Escherichia coli,sulfonamide,0
Global,2024.0,Escherichia coli,sulfonamide,0
Global,2024.0,Escherichia coli,tetracycline,100
Global,2024.0,Escherichia coli,tetracycline,100
Global,2024.0,Escherichia coli,tetracycline,100
Global,2024.0,Escherichia coli,tetracycline,100
Global,2024.0,Escherichia coli,tetracycline,100
Global,2024.0,Escherichia coli,tetracycline,100
Global,2024.0,Escherichia coli,tetracycline,100
Global,2024.0,Escherichia coli,tetracycline,100
Global,2024.0,Escherichia coli,tetracycline,100
Global,2024.0,Escherichia coli,tetracycline,100
Global,2024.0,Escherichia coli,tetracycline,100
Global,2024.0,Escherichia coli,tetracycline,100
Global,2024.0,Escherichia coli,tetracycline,100
Global,2024.0,Escherichia coli,tetracycline,100
Global,2024.0,Escherichia coli,tetracycline,100
Global,2024.0,Escherichia coli,tetracycline,100
Global,2024.0,Escherichia coli,tetracycline,100
Global,2024.0,Escherichia coli,tetracycline,100
Global,2024.0,Escherichia coli,tetracycline,100
Global,2024.0,Escherichia coli,tetracycline,100
Global,2024.0,Escherichia coli,tetracycline,100
Global,2024.0,Escherichia coli,tetracycline,100
Global,2024.0,Escherichia coli,tetracycline,100
Global,2024.0,Escherichia coli,tetracycline,100
Global,2024.0,Escherichia coli,tetracycline,100
Global,2024.0,Escherichia coli,tetracycline,100
Global,2024.0,Escherichia coli,tetracycline,100
Global,2024.0,Escherichia coli,tetracycline,100
Global,2024.0,Escherichia coli,tetracycline,100
Global,2024.0,Escherichia coli,tetracycline,100
Global,2024.0,Escherichia coli,tetracycline,100
Global,2024.0,Escherichia coli,tetracycline,100
Global,2024.0,Escherichia coli,tetracycline,100
Global,2024.0,Escherichia coli,tetracycline,100
Global,2024.0,Escherichia coli,tetracycline,100
Global,2024.0,Escherichia coli,tetracycline,100
Global,2024.0,Escherichia coli,tetracycline,100
Global,2024.0,Escherichia coli,tetracycline,100
Global,2024.0,Escherichia coli,tetracycline,100
Global,2024.0,,tetracycline,100
Global,2024.0,Escherichia coli,tetracycline,100
Global,2024.0,Escherichia coli,tetracycline,100
Global,2024.0,Escherichia coli,tetracycline,100
Global,2024.0,Escherichia coli,tetracycline,100
Global,2024.0,Escherichia coli,tetracycline,100
Global,2024.0,Escherichia coli,tetracycline,100
Global,2024.0,Escherichia coli,tetracycline,100
Global,2024.0,Escherichia coli,tetracycline,100
Global,2024.0,Escherichia coli,tetracycline,100
Global,2024.0,Escherichia coli,tetracycline,100
Global,2024.0,Escherichia coli,triclosan,100
Global,2024.0,Escherichia coli,triclosan,100
Global,2024.0,Escherichia coli,triclosan,100
Global,2024.0,Escherichia coli,triclosan,100
Global,2024.0,Escherichia coli,triclosan,100
Global,2024.0,Escherichia coli,triclosan,100
Global,2024.0,Escherichia coli,triclosan,100
Global,2024.0,Escherichia coli,triclosan,100
Global,2024.0,Escherichia coli,triclosan,100
Global,2024.0,Escherichia coli,triclosan,100
Global,2024.0,Escherichia coli,triclosan,100
Global,2024.0,Escherichia coli,triclosan,100
Global,2024.0,Escherichia coli,triclosan,100
Global,2024.0,Escherichia coli,triclosan,100
Global,2024.0,Escherichia coli,triclosan,100
Global,2024.0,Escherichia coli,triclosan,100
Global,2024.0,Escherichia coli,triclosan,100
Global,2024.0,Escherichia coli,triclosan,100
Global,2024.0,Escherichia coli,triclosan,100
Global,2024.0,Escherichia coli,triclosan,100
Global,2024.0,Escherichia coli,triclosan,100
Global,2024.0,Escherichia coli,triclosan,100
Global,2024.0,Escherichia coli,triclosan,100
Global,2024.0,Escherichia coli,triclosan,100
Global,2024.0,Escherichia coli,triclosan,100
Global,2024.0,Escherichia coli,triclosan,100
Global,2024.0,Escherichia coli,triclosan,100
Global,2024.0,Escherichia coli,triclosan,100
Global,2024.0,Escherichia coli,triclosan,100
Global,2024.0,Escherichia coli,triclosan,100
Global,2024.0,Escherichia coli,triclosan,100
Global,2024.0,Escherichia coli,triclosan,100
Global,2024.0,Escherichia coli,triclosan,100
Global,2024.0,Escherichia coli,triclosan,100
Global,2024.0,Escherichia coli,triclosan,100
Global,2024.0,Escherichia coli,triclosan,100
Global,2024.0,Escherichia coli,triclosan,100
Global,2024.0,Escherichia coli,triclosan,100
Global,2024.0,Escherichia coli,triclosan,100
Global,2024.0,,triclosan,100
Global,2024.0,Escherichia coli,triclosan,100
Global,2024.0,Escherichia coli,triclosan,100
Global,2024.0,Escherichia coli,triclosan,100
Global,2024.0,Escherichia coli,triclosan,100
Global,2024.0,Escherichia coli,triclosan,100
Global,2024.0,Escherichia coli,triclosan,100
Global,2024.0,Escherichia coli,triclosan,100
Global,2024.0,Escherichia coli,triclosan,100
Global,2024.0,Escherichia coli,triclosan,100
Global,2024.0,Escherichia coli,triclosan,100
